PLAYER,Pts_sum,Pts_mean,years_played,Mat_sum,Mat_mean,Wkts_sum,Wkts_mean,Dots_sum,Dots_mean,4s_sum,4s_mean,6s_sum,6s_mean,Catches_sum,Catches_mean,Stumpings_sum,Stumpings_mean,position,median_season_ratings,avg_season_ratings,base_price
ABdeVilliers,1712.5,155.6818181818182,11,139,12.636363636363635,0,0.0,0,0.0,318,28.90909090909091,200,18.181818181818183,80,7.272727272727272,7,0.6363636363636364,BAT,80.34482758620689,80.31911231588647,1.5
AaronFinch,751.0,83.44444444444444,9,75,8.333333333333334,1,0.1111111111111111,13,1.4444444444444444,176,19.555555555555557,67,7.4444444444444455,24,2.6666666666666665,0,0.0,BAT,21.6990099009901,43.90188250021823,0.75
AbhishekJhunjhunwala,120.5,40.16666666666666,3,21,7.0,1,0.3333333333333333,27,9.0,19,6.333333333333332,5,1.6666666666666667,10,3.333333333333333,0,0.0,BAT,2.4724637681159423,7.2898007308695165,0.3
AbhishekNayar,340.5,48.64285714285714,7,60,8.571428571428571,9,1.2857142857142858,69,9.857142857142858,55,7.857142857142858,20,2.8571428571428568,13,1.8571428571428568,0,0.0,BAT,2.480645161290323,13.142475508917501,0.3
AdamGilchrist,1091.5,181.91666666666663,6,80,13.333333333333336,1,0.16666666666666666,1,0.16666666666666666,239,39.833333333333336,92,15.333333333333336,51,8.5,16,2.6666666666666665,WK,110.38074712643677,94.76401888341543,2.0
AjanthaMendis,109.0,27.25,4,10,2.5,8,2.0,76,19.0,0,0.0,0,0.0,2,0.5,0,0.0,BWL,6.077748312439732,7.88416401129233,0.3
AjinkyaRahane,1412.0,128.36363636363637,11,140,12.727272727272727,1,0.09090909090909093,2,0.18181818181818185,404,36.72727272727273,74,6.727272727272728,55,5.0,0,0.0,BAT,80.23255813953489,64.0527924452248,1.5
AjitAgarkar,418.0,69.66666666666667,6,42,7.0,29,4.833333333333333,254,42.333333333333336,13,2.1666666666666665,5,0.8333333333333334,5,0.8333333333333334,0,0.0,BWL,22.919799139167864,23.73225800023896,0.5
AkshdeepNath,29.5,7.375,4,14,3.5,0,0.0,0,0.0,7,1.75,2,0.5,2,0.5,0,0.0,BAT,2.467512274959084,2.469445378112682,0.3
AlbieMorkel,1338.0,148.66666666666666,9,91,10.111111111111109,85,9.444444444444443,648,72.0,61,6.777777777777778,55,6.111111111111112,19,2.1111111111111107,0,0.0,AR,84.85454545454546,58.58672206909567,1.5
AmbatiRayudu,1255.5,125.55,10,147,14.7,0,0.0,3,0.3,278,27.8,120,12.0,53,5.3,2,0.2,BAT,68.15501165501166,64.1064301551211,1.0
AmitMishra,1805.5,150.45833333333334,12,147,12.25,157,13.083333333333336,1111,92.58333333333331,29,2.4166666666666665,5,0.4166666666666667,22,1.8333333333333333,0,0.0,BWL,84.19490254872564,80.00860035086409,1.5
AndreRussell,1270.0,181.42857142857144,7,64,9.142857142857142,55,7.857142857142858,365,52.14285714285714,96,13.714285714285715,120,17.142857142857142,21,3.0,0,0.0,AR,96.0,65.12329614878156,1.5
AndrewSymonds,643.0,160.75,4,39,9.75,20,5.0,192,48.0,74,18.5,41,10.25,21,5.25,0,0.0,AR,32.072463768115945,49.71098435930549,1.0
AndrewTye,373.0,124.33333333333331,3,26,8.666666666666666,39,13.0,190,63.33333333333334,6,2.0,4,1.3333333333333333,7,2.333333333333333,0,0.0,BWL,56.149253731343286,64.54616637549036,1.0
AngeloMathews,577.5,96.25,6,49,8.166666666666666,27,4.5,224,37.333333333333336,44,7.333333333333332,29,4.833333333333333,19,3.1666666666666665,0,0.0,AR,23.54479166666667,25.77448613096479,0.5
AnilKumble,564.0,188.0,3,42,14.0,45,15.0,374,124.66666666666669,3,1.0,0,0.0,10,3.333333333333333,0,0.0,BWL,121.0,92.87755102040815,2.0
AnkitRajpoot,260.0,52.0,5,23,4.6,22,4.4,168,33.6,2,0.4,0,0.0,4,0.8,0,0.0,BWL,16.895238095238096,18.825853011943373,0.4
AnkitSharma,220.5,31.5,7,22,3.1428571428571432,12,1.7142857142857142,137,19.571428571428573,7,1.0,4,0.5714285714285714,4,0.5714285714285714,0,0.0,BWL,2.4800000000000004,9.340362590923817,0.3
AnureetSingh,223.0,44.6,5,23,4.6,18,3.6,139,27.8,2,0.4,1,0.2,5,1.0,0,0.0,BWL,2.4740740740740743,22.038439100082712,0.3
AshishNehra,1018.0,127.25,8,75,9.375,87,10.875,660,82.5,3,0.375,1,0.125,17,2.125,0,0.0,BWL,48.163912579957355,61.781004859338765,1.0
AshishReddy,250.5,62.625,4,31,7.75,17,4.25,76,19.0,16,4.0,15,3.75,9,2.25,0,0.0,BWL,9.70668482578595,14.503245513668169,0.3
AshokDinda,883.5,88.35,10,78,7.8,68,6.8,623,62.3,2,0.2,0,0.0,7,0.7,0,0.0,BWL,38.542386671832624,40.47337464715141,0.75
AxarPatel,1137.5,189.58333333333331,6,82,13.666666666666664,71,11.833333333333336,564,94.0,47,7.833333333333332,35,5.833333333333332,34,5.666666666666668,0,0.0,AR,83.7125,72.64103126405759,1.5
AzharMahmood,463.5,154.5,3,23,7.666666666666668,29,9.666666666666666,199,66.33333333333333,39,13.0,13,4.333333333333333,8,2.6666666666666665,0,0.0,AR,94.5,63.93636363636363,1.5
BarinderSran,243.0,48.6,5,24,4.8,18,3.6,170,34.0,0,0.0,0,0.0,4,0.8,0,0.0,BWL,2.470921985815603,24.93238037114296,0.4
BenCutting,242.0,48.4,5,21,4.2,10,2.0,78,15.6,15,3.0,19,3.8,10,2.0,0,0.0,AR,6.097087378640777,8.025629372054315,0.3
BenStokes,537.0,179.0,3,34,11.333333333333336,26,8.666666666666666,216,72.0,43,14.333333333333336,25,8.333333333333334,14,4.666666666666667,0,0.0,AR,48.3125,61.92824074074073,1.0
BharatChipli,103.0,25.75,4,23,5.75,0,0.0,1,0.25,28,7.0,7,1.75,3,0.75,0,0.0,BAT,2.4678597718071407,9.07688854223432,0.3
BhuvneshwarKumar,1710.0,190.0,9,117,13.0,133,14.777777777777779,1124,124.88888888888887,17,1.8888888888888888,3,0.3333333333333333,27,3.0,0,0.0,BWL,120.66666666666667,96.89816552847725,2.0
BipulSharma,267.0,38.142857142857146,7,33,4.714285714285714,17,2.4285714285714284,131,18.714285714285715,11,1.5714285714285714,9,1.2857142857142858,7,1.0,0,0.0,BWL,9.686956521739132,9.687493009956786,0.3
BradHodge,645.0,92.14285714285714,7,66,9.428571428571429,17,2.4285714285714284,75,10.714285714285714,122,17.428571428571427,43,6.142857142857142,22,3.1428571428571432,0,0.0,BAT,48.11764705882353,39.8380504520042,1.0
BradHogg,252.0,63.0,4,21,5.25,23,5.75,159,39.75,1,0.25,0,0.0,4,1.0,0,0.0,BWL,22.917638965327463,24.108564880235217,0.5
BrendonMcCullum,1295.0,117.72727272727272,11,109,9.909090909090908,0,0.0,0,0.0,293,26.63636363636364,130,11.818181818181818,37,3.363636363636364,6,0.5454545454545454,WK,68.22727272727273,63.307209211524714,1.0
BrettLee,534.5,89.08333333333331,6,38,6.333333333333332,25,4.166666666666667,374,62.33333333333334,8,1.3333333333333333,8,1.3333333333333333,10,1.6666666666666667,0,0.0,BWL,26.5688829787234,32.825565467286474,0.5
CMGautam,81.0,27.0,3,13,4.333333333333333,0,0.0,0,0.0,17,5.666666666666668,6,2.0,3,1.0,4,1.3333333333333333,WK,2.4699300699300704,7.282457532888569,0.3
CameronWhite,382.5,76.5,5,47,9.4,1,0.2,8,1.6,76,15.2,36,7.2,22,4.4,0,0.0,BAT,16.895238095238096,39.506920111938214,0.75
ChamindaVaas,206.5,68.83333333333333,3,13,4.333333333333333,18,6.0,128,42.66666666666666,2,0.6666666666666666,3,1.0,0,0.0,0,0.0,BWL,16.913636363636364,27.327825877825877,0.4
CharlLangeveldt,118.0,39.333333333333336,3,7,2.333333333333333,13,4.333333333333333,69,23.0,0,0.0,1,0.3333333333333333,0,0.0,0,0.0,BWL,16.88849557522124,14.49422954568712,0.4
CheteshwarPujara,154.0,30.8,5,30,6.0,0,0.0,0,0.0,50,10.0,4,0.8,6,1.2,0,0.0,BAT,9.68403361344538,8.241894902124063,0.3
ChrisGayle,2369.0,215.3636363636364,11,125,11.363636363636365,18,1.6363636363636365,180,16.363636363636363,369,33.54545454545455,326,29.63636363636364,25,2.272727272727273,0,0.0,BAT,120.47619047619048,96.09684008577361,2.0
ChrisJordan,114.0,38.0,3,11,3.6666666666666665,12,4.0,62,20.666666666666668,0,0.0,0,0.0,4,1.3333333333333333,0,0.0,BWL,2.474626865671642,13.702802542099347,0.3
ChrisLynn,565.5,94.25,6,41,6.833333333333332,0,0.0,0,0.0,128,21.33333333333333,63,10.5,10,1.6666666666666667,0,0.0,BAT,44.96396802623489,55.94428800612223,1.0
ChrisMorris,994.0,165.66666666666666,6,61,10.166666666666666,69,11.5,498,83.0,37,6.166666666666668,27,4.5,27,4.5,0,0.0,AR,79.82925278219398,66.81667556304605,1.0
ColinMunro,90.5,30.16666666666667,3,13,4.333333333333333,0,0.0,5,1.6666666666666667,19,6.333333333333332,8,2.6666666666666665,4,1.3333333333333333,0,0.0,BAT,16.887719298245614,12.084795321637428,0.4
ColindeGrandhomme,205.0,68.33333333333333,3,25,8.333333333333334,6,2.0,61,20.33333333333333,18,6.0,18,6.0,6,2.0,0,0.0,AR,15.740845070422537,14.121234071093227,0.4
CoreyAnderson,355.5,88.875,4,30,7.5,11,2.75,81,20.25,40,10.0,31,7.75,11,2.75,0,0.0,AR,18.127893799579084,25.17478433821319,0.5
DaleSteyn,1439.5,143.95,10,92,9.2,96,9.6,998,99.8,14,1.4,3,0.3,24,2.4,0,0.0,BWL,90.44563279857397,70.36984520398192,1.5
DanChristian,558.0,111.6,5,40,8.0,34,6.8,270,54.0,22,4.4,19,3.8,19,3.8,0,0.0,AR,42.19230769230769,36.003960418734906,0.75
DanielVettori,340.0,85.0,4,27,6.75,21,5.25,222,55.5,8,2.0,2,0.5,7,1.75,0,0.0,BWL,19.307271906052396,40.34555632773346,0.75
DarrenSammy,233.5,77.83333333333333,3,22,7.333333333333332,11,3.6666666666666665,72,24.0,15,5.0,18,6.0,9,3.0,0,0.0,AR,15.731578947368423,22.129062222588292,0.4
DavidHussey,611.5,87.35714285714286,7,64,9.142857142857142,8,1.1428571428571428,86,12.285714285714285,90,12.857142857142858,60,8.571428571428571,25,3.571428571428572,0,0.0,BAT,16.91764705882353,35.70508837103825,0.5
DavidMiller,742.0,92.75,8,79,9.875,0,0.0,0,0.0,126,15.75,87,10.875,49,6.125,0,0.0,BAT,28.931670131670135,45.082884568502436,0.75
DavidWarner,1848.5,205.38888888888889,9,119,13.222222222222221,0,0.0,0,0.0,442,49.111111111111114,176,19.555555555555557,51,5.666666666666668,0,0.0,BAT,120.55555555555556,104.82915027359473,2.0
DeepakChahar,483.5,120.875,4,34,8.5,33,8.25,332,83.0,2,0.5,6,1.5,4,1.0,0,0.0,BWL,41.386741363211954,52.14508636788048,1.0
DeepakHooda,291.0,58.2,5,61,12.2,7,1.4,60,12.0,27,5.4,24,4.8,22,4.4,0,0.0,BAT,9.702040816326532,12.110861827248382,0.3
DhawalKulkarni,1109.0,92.41666666666669,12,90,7.5,86,7.166666666666668,731,60.91666666666666,6,0.5,2,0.16666666666666666,22,1.8333333333333333,0,0.0,BWL,28.945858833129336,39.136802227571785,0.75
DimitriMascarenhas,214.0,42.8,5,13,2.6,19,3.8,124,24.8,5,1.0,1,0.2,3,0.6,0,0.0,AR,6.083333333333333,8.74285863239519,0.3
DineshKarthik,1469.5,133.5909090909091,11,167,15.181818181818182,0,0.0,0,0.0,337,30.63636363636364,92,8.363636363636363,97,8.818181818181818,25,2.272727272727273,WK,68.15873015873017,63.66340896521676,1.0
DirkNannes,210.5,70.16666666666667,3,16,5.333333333333333,13,4.333333333333333,150,50.0,0,0.0,0,0.0,6,2.0,0,0.0,BWL,16.90989010989011,25.190547415547417,0.4
DougBollinger,409.5,136.5,3,27,9.0,37,12.333333333333336,254,84.66666666666667,1,0.3333333333333333,1,0.3333333333333333,8,2.6666666666666665,0,0.0,BWL,100.27777777777777,83.16376262626262,2.0
DwarakaRaviTeja,154.0,30.8,5,32,6.4,1,0.2,4,0.8,35,7.0,9,1.8,11,2.2,0,0.0,BAT,9.6990099009901,9.6850555797837,0.3
DwayneBravo,2038.0,185.27272727272728,11,134,12.181818181818182,147,13.363636363636365,835,75.9090909090909,116,10.545454545454543,61,5.545454545454546,74,6.727272727272728,0,0.0,AR,85.11111111111111,65.62505465045001,1.5
DwayneSmith,1367.5,151.94444444444446,9,91,10.111111111111109,26,2.888888888888889,172,19.11111111111111,245,27.222222222222218,117,13.0,33,3.6666666666666665,0,0.0,BAT,80.27027027027027,75.2452729480743,1.5
EoinMorgan,359.0,59.83333333333334,6,52,8.666666666666666,0,0.0,0,0.0,72,12.0,34,5.666666666666668,24,4.0,0,0.0,BAT,16.897674861825806,22.63993993281721,0.4
FafduPlessis,719.0,102.71428571428572,7,71,10.142857142857142,0,0.0,0,0.0,163,23.285714285714285,59,8.428571428571429,42,6.0,0,0.0,BAT,48.19230769230769,47.60358997958746,1.0
GautamGambhir,1412.0,141.2,10,139,13.9,0,0.0,0,0.0,459,45.9,57,5.7,26,2.6,0,0.0,BAT,62.190631808278866,68.57405376669718,1.5
GeorgeBailey,241.5,48.3,5,40,8.0,0,0.0,0,0.0,59,11.8,19,3.8,11,2.2,0,0.0,BAT,9.686956521739132,22.18331793810055,0.3
GlennMaxwell,839.0,119.85714285714286,7,69,9.857142857142858,16,2.2857142857142856,127,18.142857142857142,109,15.571428571428573,91,13.0,26,3.7142857142857135,0,0.0,AR,22.936986301369863,35.458909341554204,0.5
GraemeSmith,286.5,71.625,4,29,7.25,0,0.0,0,0.0,94,23.5,9,2.25,8,2.0,0,0.0,BAT,15.71852394916911,28.562247394626212,0.5
GurkeeratMannSingh,234.5,39.083333333333336,6,33,5.5,5,0.8333333333333334,26,4.333333333333333,47,7.833333333333332,11,1.8333333333333333,13,2.1666666666666665,1,0.16666666666666666,BAT,9.683705357142859,9.69080793469192,0.3
HanumaVihari,96.5,32.166666666666664,3,24,8.0,1,0.3333333333333333,17,5.666666666666668,23,7.666666666666668,1,0.3333333333333333,6,2.0,0,0.0,BAT,2.4840336134453787,4.887257513728103,0.3
HarbhajanSingh,2238.5,186.54166666666663,12,160,13.333333333333336,150,12.5,1249,104.08333333333331,79,6.583333333333332,42,3.5,48,4.0,0,0.0,BWL,120.49107142857143,93.55971869221025,2.0
HardikPandya,967.5,193.5,5,66,13.2,42,8.4,295,59.0,72,14.4,68,13.6,43,8.6,0,0.0,AR,72.83333333333333,65.07017481691472,1.0
HarmeetSinghBansal,298.0,59.6,5,27,5.4,25,5.0,183,36.6,3,0.6,0,0.0,8,1.6,0,0.0,BWL,16.891743119266057,20.269593635333504,0.4
HarshalPatel,507.0,72.42857142857143,7,43,6.142857142857142,43,6.142857142857142,290,41.42857142857143,3,0.42857142857142855,9,1.2857142857142858,11,1.5714285714285714,0,0.0,BWL,9.695238095238096,28.137423766011526,0.4
HerschelleGibbs,371.0,92.75,4,36,9.0,0,0.0,0,0.0,83,20.75,31,7.75,22,5.5,0,0.0,BAT,38.560353535353535,41.786944999445005,0.75
ImranTahir,726.5,121.08333333333331,6,55,9.166666666666666,79,13.166666666666664,410,68.33333333333333,3,0.5,0,0.0,13,2.1666666666666665,0,0.0,BWL,48.55763076188201,58.966059272735244,1.0
IqbalAbdulla,532.0,59.111111111111114,9,49,5.4444444444444455,40,4.4444444444444455,331,36.77777777777778,9,1.0,1,0.1111111111111111,14,1.5555555555555556,0,0.0,BWL,16.896153846153847,21.997850783956967,0.4
IrfanPathan,1542.5,171.38888888888889,9,103,11.444444444444445,80,8.888888888888891,838,93.11111111111113,87,9.666666666666666,37,4.111111111111111,31,3.4444444444444446,0,0.0,AR,78.71428571428571,59.32726200502717,1.0
IshanKishan,321.5,80.375,4,37,9.25,0,0.0,0,0.0,64,16.0,34,8.5,15,3.75,2,0.5,WK,42.53515727391874,41.93582681214186,1.0
IshankJaggi,20.0,6.666666666666668,3,7,2.333333333333333,0,0.0,0,0.0,6,2.0,0,0.0,2,0.6666666666666666,0,0.0,BAT,2.460606060606061,2.4624129153915715,0.3
IshantSharma,1317.0,119.72727272727272,11,100,9.090909090909092,83,7.545454545454546,956,86.9090909090909,5,0.4545454545454545,3,0.2727272727272727,19,1.7272727272727273,0,0.0,BWL,80.23255813953489,61.13409456675287,1.5
JPDuminy,981.0,122.625,8,83,10.375,23,2.875,234,29.25,126,15.75,79,9.875,30,3.75,0,0.0,AR,26.544957983193278,36.61019542610705,0.5
JacobOram,158.0,39.5,4,18,4.5,9,2.25,74,18.5,6,1.5,5,1.25,8,2.0,0,0.0,AR,6.0816691321499015,7.003197203437589,0.3
JacquesKallis,1697.5,242.5,7,98,14.0,65,9.285714285714286,601,85.85714285714286,255,36.42857142857143,44,6.2857142857142865,31,4.428571428571429,0,0.0,AR,97.33333333333333,82.16807432432431,1.5
JamesFaulkner,814.0,116.28571428571428,7,60,8.571428571428571,59,8.428571428571429,397,56.714285714285715,36,5.142857142857143,23,3.2857142857142856,16,2.2857142857142856,0,0.0,AR,9.716279069767443,35.559359595099444,0.5
JasonHolder,127.0,42.333333333333336,3,11,3.6666666666666665,5,1.6666666666666667,80,26.66666666666667,4,1.3333333333333333,2,0.6666666666666666,5,1.6666666666666667,0,0.0,AR,6.096153846153846,4.8932972636497745,0.3
JaspritBumrah,982.0,140.28571428571428,7,77,11.0,82,11.714285714285715,664,94.85714285714286,2,0.2857142857142857,1,0.14285714285714285,9,1.2857142857142858,0,0.0,BWL,100.38461538461539,77.985177195763,2.0
JayantYadav,116.5,29.125,4,12,3.0,5,1.25,89,22.25,0,0.0,0,0.0,4,1.0,0,0.0,BWL,2.4875382262996943,4.287040106915891,0.3
JaydevUnadkat,854.5,85.45,10,73,7.3,77,7.7,509,50.9,6,0.6,1,0.1,23,2.3,0,0.0,BWL,32.526373626373626,43.32474146715337,0.75
JesseRyder,371.0,123.66666666666669,3,29,9.666666666666666,8,2.6666666666666665,79,26.33333333333333,69,23.0,19,6.333333333333332,10,3.333333333333333,0,0.0,BAT,48.136986301369866,52.73943236842044,1.0
JoginderSharma,135.0,33.75,4,16,4.0,12,3.0,71,17.75,1,0.25,2,0.5,5,1.25,0,0.0,BWL,2.4822379507920465,9.093785059312108,0.3
JohanBotha,501.5,100.3,5,34,6.8,25,5.0,254,50.8,39,7.8,5,1.0,18,3.6,0,0.0,BWL,16.925,32.97073946599916,0.5
JosButtler,628.5,157.125,4,45,11.25,0,0.0,0,0.0,140,35.0,61,15.25,25,6.25,1,0.25,WK,84.20669698222406,84.34282599474048,2.0
JuanTheron,102.5,34.166666666666664,3,10,3.333333333333333,9,3.0,66,22.0,1,0.3333333333333333,0,0.0,1,0.3333333333333333,0,0.0,BWL,2.4751879699248125,7.289522586955194,0.3
KCCariappa,103.5,25.875,4,11,2.75,8,2.0,61,15.25,0,0.0,2,0.5,3,0.75,0,0.0,BWL,6.08195089581951,7.885200594108586,0.3
KaneRichardson,208.0,69.33333333333333,3,14,4.666666666666667,18,6.0,124,41.333333333333336,2,0.6666666666666666,1,0.3333333333333333,5,1.6666666666666667,0,0.0,BWL,16.91764705882353,24.919482641541464,0.4
KaneWilliamson,473.5,94.7,5,41,8.2,0,0.0,2,0.4,111,22.2,44,8.8,16,3.2,0,0.0,BAT,16.90989010989011,38.29012466699967,0.5
KarnSharma,699.0,99.85714285714286,7,62,8.857142857142858,54,7.7142857142857135,381,54.42857142857143,18,2.571428571428572,14,2.0,14,2.0,0,0.0,BWL,60.21739130434783,50.825127354111736,1.0
KarunNair,584.0,83.42857142857143,7,69,9.857142857142858,0,0.0,0,0.0,158,22.57142857142857,39,5.571428571428571,21,3.0,0,0.0,BAT,56.175438596491226,42.09253798256232,1.0
KedarJadhav,448.0,49.77777777777778,9,79,8.777777777777779,0,0.0,0,0.0,92,10.222222222222221,38,4.222222222222221,27,3.0,7,0.7777777777777778,AR,9.694339622641511,11.033956116869787,0.3
KevinPietersen,476.0,95.2,5,36,7.2,7,1.4,54,10.8,91,18.2,40,8.0,12,2.4,0,0.0,BAT,48.208333333333336,43.21310471452263,1.0
KieronPollard,1796.5,179.65,10,148,14.8,56,5.6,327,32.7,181,18.1,176,17.6,82,8.2,0,0.0,AR,69.79393939393938,63.35090504674512,1.0
KrunalPandya,828.5,207.125,4,55,13.75,40,10.0,306,76.5,86,21.5,35,8.75,18,4.5,0,0.0,AR,86.0,86.27205882352942,2.0
KuldeepYadav,424.0,106.0,4,40,10.0,39,9.75,250,62.5,4,1.0,0,0.0,11,2.75,0,0.0,BWL,42.55030946065429,50.573179046436564,1.0
KumarSangakkara,717.0,119.5,6,71,11.833333333333336,0,0.0,0,0.0,195,32.5,27,4.5,45,7.5,9,1.5,WK,52.25516795865633,48.61128974433971,1.0
LakshmipathyBalaji,845.0,120.71428571428572,7,73,10.428571428571429,76,10.857142857142858,538,76.85714285714286,2,0.2857142857142857,1,0.14285714285714285,13,1.8571428571428568,0,0.0,BWL,68.17241379310344,59.73638310958768,1.0
LasithMalinga,1835.0,203.88888888888889,9,122,13.555555555555555,170,18.88888888888889,1155,128.33333333333334,6,0.6666666666666666,5,0.5555555555555556,21,2.333333333333333,0,0.0,BWL,120.52631578947368,110.16261659761794,2.0
LaxmiRatanShukla,335.0,47.85714285714285,7,47,6.7142857142857135,15,2.142857142857143,109,15.571428571428573,33,4.714285714285714,16,2.2857142857142856,14,2.0,0,0.0,AR,6.081967213114754,7.64703150804769,0.3
LendlSimmons,457.0,114.25,4,29,7.25,1,0.25,2,0.5,109,27.25,44,11.0,10,2.5,0,0.0,BAT,64.63673157693776,63.2125909346677,1.0
LokeshRahul,581.0,116.2,5,53,10.6,0,0.0,0,0.0,127,25.4,56,11.2,22,4.4,5,1.0,WK,16.90416666666667,51.84013655171291,1.0
LukePomersbach,125.5,31.375,4,17,4.25,0,0.0,0,0.0,25,6.25,13,3.25,7,1.75,0,0.0,BAT,2.479545454545455,9.084641138403109,0.3
MFMaharoof,290.0,145.0,2,17,8.5,23,11.5,138,69.0,12,6.0,9,4.5,4,2.0,0,0.0,BWL,68.31622023809524,68.31622023809524,1.5
MSDhoni,1814.0,151.16666666666666,12,190,15.833333333333336,0,0.0,0,0.0,297,24.75,209,17.416666666666668,98,8.166666666666666,38,3.1666666666666665,WK,80.23558758314857,77.5937015572335,1.5
MahelaJayawardene,716.5,119.41666666666669,6,80,13.333333333333336,0,0.0,0,0.0,200,33.333333333333336,39,6.5,32,5.333333333333333,0,0.0,BAT,56.1575682382134,54.491391991401336,1.0
MananVohra,411.5,68.58333333333333,6,49,8.166666666666666,0,0.0,0,0.0,97,16.166666666666668,39,6.5,13,2.1666666666666665,0,0.0,BAT,25.316847826086956,31.059915252487716,0.5
MandeepSingh,612.0,68.0,9,94,10.444444444444443,1,0.1111111111111111,8,0.8888888888888888,159,17.666666666666668,33,3.6666666666666665,35,3.888888888888889,0,0.0,BAT,16.925,27.597215885986454,0.5
ManishPandey,1055.0,87.91666666666669,12,130,10.833333333333336,0,0.0,0,0.0,253,21.08333333333333,75,6.25,64,5.333333333333333,0,0.0,BAT,36.1575682382134,35.87819749483013,0.75
ManojTiwary,652.5,72.5,9,96,10.666666666666666,1,0.1111111111111111,9,1.0,155,17.22222222222222,40,4.4444444444444455,45,5.0,0,0.0,BAT,16.906382978723403,29.100434307098663,0.5
ManpreetGony,537.5,76.78571428571429,7,44,6.2857142857142865,37,5.285714285714286,350,50.0,6,0.8571428571428571,8,1.1428571428571428,6,0.8571428571428571,0,0.0,BWL,16.936986301369863,31.1446162643655,0.5
ManvinderBisla,383.0,63.83333333333334,6,39,6.5,0,0.0,0,0.0,93,15.5,23,3.8333333333333335,21,3.5,7,1.1666666666666667,BAT,22.893855218855222,25.844740066758998,0.5
MarchantdeLange,56.5,18.83333333333333,3,5,1.6666666666666667,5,1.6666666666666667,39,13.0,0,0.0,0,0.0,0,0.0,0,0.0,BWL,2.48130081300813,4.875803589582849,0.3
MarcusStoinis,314.0,78.5,4,29,7.25,15,3.75,96,24.0,34,8.5,18,4.5,7,1.75,0,0.0,AR,18.1321915530429,17.235006032931707,0.5
MarkBoucher,168.0,42.0,4,31,7.75,0,0.0,0,0.0,32,8.0,13,3.25,14,3.5,3,0.75,WK,9.698948670377243,14.502314769608002,0.3
MarlonSamuels,162.5,54.16666666666666,3,15,5.0,9,3.0,79,26.33333333333333,9,3.0,7,2.333333333333333,2,0.6666666666666666,0,0.0,BAT,2.4775193798449617,9.707886125327986,0.3
MartinGuptill,130.0,43.33333333333334,3,13,4.333333333333333,0,0.0,0,0.0,24,8.0,15,5.0,7,2.333333333333333,0,0.0,BAT,16.91904761904762,16.09462635737715,0.5
MatthewHayden,484.0,161.33333333333334,3,32,10.666666666666666,0,0.0,0,0.0,121,40.333333333333336,44,14.666666666666664,11,3.6666666666666665,0,0.0,BAT,100.3225806451613,83.64146081565436,2.0
MayankAgarwal,547.0,60.77777777777778,9,77,8.555555555555555,0,0.0,0,0.0,117,13.0,52,5.777777777777778,29,3.2222222222222223,0,0.0,BAT,16.897087378640776,26.954701529527416,0.4
MichaelHussey,744.5,106.35714285714286,7,59,8.428571428571429,0,0.0,0,0.0,198,28.285714285714285,52,7.428571428571429,27,3.8571428571428568,0,0.0,BAT,28.925,43.92980222848644,0.75
MitchellJohnson,835.5,139.25,6,54,9.0,61,10.166666666666666,535,89.16666666666669,10,1.6666666666666667,7,1.1666666666666667,15,2.5,0,0.0,BWL,42.564705882352946,56.683319801350486,1.0
MitchellMarsh,271.0,67.75,4,20,5.0,20,5.0,112,28.0,9,2.25,14,3.5,7,1.75,0,0.0,AR,11.501966873706005,13.912380755131055,0.3
MitchellMcClenaghan,801.0,160.2,5,56,11.2,71,14.2,513,102.6,5,1.0,7,1.4,1,0.2,0,0.0,BWL,120.4,95.84257223396759,2.0
MithunManhas,181.5,30.25,6,45,7.5,0,0.0,15,2.5,36,6.0,9,1.5,18,3.0,0,0.0,BAT,6.089062500000001,8.479610423431222,0.3
MohammadKaif,116.0,29.0,4,29,7.25,0,0.0,0,0.0,22,5.5,6,1.5,16,4.0,0,0.0,BAT,2.469444444444445,6.080818448093729,0.3
MohammadNabi,220.5,73.5,3,13,4.333333333333333,11,3.6666666666666665,115,38.333333333333336,11,3.6666666666666665,7,2.333333333333333,6,2.0,0,0.0,AR,6.091743119266055,20.932793641967955,0.3
MohammedShami,543.5,90.58333333333331,6,49,8.166666666666666,40,6.666666666666668,364,60.66666666666666,5,0.8333333333333334,2,0.3333333333333333,8,1.3333333333333333,0,0.0,BWL,16.92570710245129,38.31578008551042,0.5
MohitSharma,1039.5,148.5,7,85,12.142857142857142,91,13.0,642,91.71428571428572,8,1.1428571428571428,4,0.5714285714285714,18,2.571428571428572,0,0.0,BWL,100.35714285714286,80.2690377107781,2.0
MoisesHenriques,789.5,112.78571428571428,7,57,8.142857142857142,38,5.428571428571429,277,39.57142857142857,87,12.428571428571427,27,3.8571428571428568,27,3.8571428571428568,0,0.0,AR,26.592307692307696,36.71765621822131,0.75
MorneMorkel,1050.0,131.25,8,70,8.75,77,9.625,708,88.5,11,1.375,5,0.625,11,1.375,0,0.0,BWL,68.19490254872564,68.96439679200698,1.5
MunafPatel,896.5,128.07142857142858,7,63,9.0,74,10.571428571428571,590,84.28571428571429,5,0.7142857142857143,0,0.0,14,2.0,0,0.0,BWL,120.38461538461539,74.10472292832381,2.0
MuraliKartik,561.5,80.21428571428571,7,56,8.0,31,4.428571428571429,382,54.57142857142857,7,1.0,1,0.14285714285714285,20,2.8571428571428568,0,0.0,BWL,36.125,28.25269852422999,0.75
MuraliVijay,1051.5,105.15,10,103,10.3,0,0.0,8,0.8,243,24.3,91,9.1,47,4.7,0,0.0,BAT,48.15046036379969,51.430956969596295,1.0
MustafizurRahman,293.0,97.66666666666669,3,24,8.0,24,8.0,199,66.33333333333333,0,0.0,0,0.0,4,1.3333333333333333,0,0.0,BWL,28.944927536231884,50.74759233286582,1.0
MuttiahMuralitharan,860.5,122.92857142857143,7,66,9.428571428571429,63,9.0,600,85.71428571428571,1,0.14285714285714285,0,0.0,15,2.142857142857143,0,0.0,BWL,80.20833333333333,66.48620413977555,1.5
NamanOjha,764.0,76.4,10,113,11.3,0,0.0,0,0.0,121,12.1,79,7.9,64,6.4,10,1.0,WK,22.934963768115942,34.314723739933854,0.5
NathanCoulter-Nile,414.5,82.9,5,26,5.2,36,7.2,247,49.4,3,0.6,4,0.8,8,1.6,0,0.0,BWL,16.905263157894737,44.50883233954447,0.75
NitishRana,502.0,125.5,4,46,11.5,7,1.75,35,8.75,84,21.0,60,15.0,9,2.25,0,0.0,BAT,74.20842379504992,64.39916654605105,1.0
OwaisShah,183.0,45.75,4,23,5.75,0,0.0,0,0.0,34,8.5,23,5.75,7,1.75,0,0.0,BAT,9.675893357230873,22.4952471879533,0.3
PankajSingh,162.0,32.4,5,17,3.4,11,2.2,111,22.2,0,0.0,0,0.0,5,1.0,0,0.0,BWL,2.48130081300813,5.362918281872987,0.3
ParasDogra,37.5,12.5,3,13,4.333333333333333,0,0.0,0,0.0,4,1.3333333333333333,5,1.6666666666666667,4,1.3333333333333333,0,0.0,BAT,2.4571428571428573,4.865081507186771,0.3
ParthivPatel,1296.5,108.04166666666669,12,139,11.583333333333336,0,0.0,0,0.0,365,30.41666666666667,49,4.083333333333333,69,5.75,16,1.3333333333333333,WK,42.56393442622951,44.78459376409597,1.0
ParveezRasool,84.0,21.0,4,11,2.75,4,1.0,60,15.0,1,0.25,0,0.0,3,0.75,0,0.0,BWL,2.4806661462399173,2.4781185634916563,0.3
PatCummins,209.0,69.66666666666667,3,16,5.333333333333333,17,5.666666666666668,118,39.333333333333336,5,1.6666666666666667,4,1.3333333333333333,2,0.6666666666666666,0,0.0,BWL,2.487719298245614,28.44936408620619,0.5
PaulValthaty,298.5,74.625,4,23,5.75,7,1.75,44,11.0,61,15.25,20,5.0,3,0.75,0,0.0,BAT,2.4684387554891156,32.68043930901604,0.5
PawanNegi,518.0,64.75,8,50,6.25,34,4.25,238,29.75,27,3.375,16,2.0,15,1.875,0,0.0,AR,7.893364599617858,18.632398350325047,0.3
PinalShah,62.0,20.666666666666668,3,16,5.333333333333333,0,0.0,0,0.0,9,3.0,2,0.6666666666666666,10,3.333333333333333,3,1.0,BAT,2.478740157480315,2.478925998643508,0.3
PiyushChawla,1932.0,161.0,12,157,13.083333333333336,150,12.5,1109,92.41666666666669,54,4.5,18,1.5,40,3.333333333333333,0,0.0,BWL,100.26709401709402,85.76251793458034,2.0
PradeepSangwan,267.0,38.142857142857146,7,26,3.7142857142857135,20,2.8571428571428568,187,26.714285714285715,1,0.14285714285714285,0,0.0,3,0.42857142857142855,0,0.0,BWL,2.470422535211268,13.121178128996698,0.3
PragyanOjha,906.5,129.5,7,80,11.428571428571427,85,12.142857142857142,574,82.0,0,0.0,0,0.0,14,2.0,0,0.0,BWL,48.19607843137255,69.79382128621144,1.5
PraveenKumar,1538.0,153.8,10,119,11.9,90,9.0,1076,107.6,23,2.3,17,1.7,12,1.2,0,0.0,BWL,100.41050903119869,79.31862171991628,2.0
PravinTambe,314.5,78.625,4,33,8.25,28,7.0,204,51.0,1,0.25,0,0.0,4,1.0,0,0.0,BWL,26.52092758571632,38.94217199076354,0.75
QuintondeKock,674.0,112.33333333333331,6,50,8.333333333333334,0,0.0,0,0.0,155,25.83333333333333,54,9.0,31,5.166666666666667,8,1.3333333333333333,WK,38.53878469617405,58.526798620443856,1.0
RPSingh,1120.5,160.07142857142858,7,82,11.714285714285715,90,12.857142857142858,747,106.71428571428572,2,0.2857142857142857,1,0.14285714285714285,20,2.8571428571428568,0,0.0,BWL,100.27027027027027,94.4278804583316,2.0
RahulDravid,815.5,135.91666666666666,6,89,14.833333333333336,0,0.0,0,0.0,269,44.83333333333334,28,4.666666666666667,18,3.0,0,0.0,BAT,62.18971631205673,63.164561522008334,1.0
RahulSharma,524.5,104.9,5,44,8.8,40,8.0,334,66.8,5,1.0,3,0.6,11,2.2,0,0.0,BWL,48.13513513513514,47.23583603211054,1.0
RahulTewatia,217.0,43.4,5,20,4.0,14,2.8,110,22.0,11,2.2,3,0.6,8,1.6,0,0.0,AR,2.5063829787234044,5.379653691477101,0.3
RahulTripathi,309.5,103.16666666666669,3,34,11.333333333333336,0,0.0,0,0.0,74,24.66666666666667,27,9.0,12,4.0,0,0.0,BAT,40.93333333333334,57.02338558611851,1.0
RajagopalSathish,131.5,32.875,4,34,8.5,3,0.75,30,7.5,22,5.5,6,1.5,6,1.5,0,0.0,AR,4.293773760243305,5.185483371349724,0.3
RajatBhatia,764.0,84.8888888888889,9,87,9.666666666666666,61,6.777777777777778,395,43.88888888888889,23,2.555555555555556,13,1.4444444444444444,21,2.333333333333333,0,0.0,AR,9.75873015873016,20.10711192299782,0.3
RameshPowar,242.5,48.5,5,27,5.4,13,2.6,166,33.2,6,1.2,1,0.2,5,1.0,0,0.0,BWL,16.908695652173915,13.546900541739422,0.4
RashidKhan,728.0,242.66666666666663,3,46,15.333333333333336,55,18.33333333333333,454,151.33333333333334,5,1.6666666666666667,9,3.0,15,5.0,0,0.0,BWL,121.66666666666667,121.41414141414141,2.0
RaviBopara,270.5,90.16666666666669,3,24,8.0,11,3.6666666666666665,61,20.33333333333333,39,13.0,16,5.333333333333333,7,2.333333333333333,0,0.0,BAT,28.921951219512195,27.3628654184011,0.75
RavichandranAshwin,1701.5,170.15,10,139,13.9,125,12.5,1069,106.9,32,3.2,10,1.0,32,3.2,0,0.0,BWL,120.31754032258064,94.67908467286713,2.0
RavindraJadeja,1924.5,174.95454545454547,11,170,15.454545454545455,108,9.818181818181818,824,74.9090909090909,135,12.272727272727273,65,5.909090909090909,63,5.727272727272728,0,0.0,AR,68.34482758620689,62.64243032056704,1.0
RishabhPant,819.0,204.75,4,54,13.5,0,0.0,0,0.0,152,38.0,94,23.5,33,8.25,11,2.75,WK,110.96428571428572,93.54972276581866,2.0
RishiDhawan,275.5,68.875,4,26,6.5,18,4.5,151,37.75,13,3.25,4,1.0,6,1.5,0,0.0,AR,4.296620612397311,16.446120345568737,0.3
RobinUthappa,1923.5,160.29166666666666,12,177,14.75,0,0.0,0,0.0,435,36.25,156,13.0,84,7.0,32,2.6666666666666665,WK,80.28219395866455,82.00264518889684,1.5
RohitSharma,2106.5,175.54166666666663,12,188,15.666666666666664,15,1.25,90,7.5,431,35.916666666666664,194,16.166666666666668,83,6.916666666666668,0,0.0,BAT,110.63973063973063,102.7463793682456,2.0
RossTaylor,371.0,53.0,7,55,7.857142857142858,0,0.0,0,0.0,66,9.428571428571429,46,6.571428571428571,18,2.571428571428572,0,0.0,BAT,28.89009009009009,24.22432893722185,0.75
RyantenDoeschate,166.5,33.3,5,29,5.8,2,0.4,22,4.4,26,5.2,15,3.0,8,1.6,0,0.0,BAT,9.686206896551726,9.68359333309541,0.3
SAAsnodkar,192.5,48.125,4,20,5.0,0,0.0,0,0.0,56,14.0,10,2.5,7,1.75,0,0.0,BAT,9.68611989504138,22.5219384264405,0.4
SachinBaby,69.5,23.16666666666667,3,18,6.0,2,0.6666666666666666,5,1.6666666666666667,11,3.6666666666666665,5,1.6666666666666667,5,1.6666666666666667,0,0.0,BAT,2.470422535211268,7.278752673867314,0.3
SachinTendulkar,900.5,150.08333333333334,6,78,13.0,0,0.0,4,0.6666666666666666,295,49.16666666666666,29,4.833333333333333,23,3.8333333333333335,0,0.0,BAT,68.25764895330113,65.37196220485427,1.0
SamBillings,145.0,36.25,4,22,5.5,0,0.0,0,0.0,31,7.75,10,2.5,13,3.25,0,0.0,BAT,13.29175465057818,12.689098915000244,0.3
SamuelBadree,152.5,50.83333333333334,3,12,4.0,11,3.6666666666666665,109,36.333333333333336,0,0.0,0,0.0,2,0.6666666666666666,0,0.0,BWL,9.701010101010102,20.100705804174293,0.3
SanathJayasuriya,488.5,162.83333333333334,3,30,10.0,13,4.333333333333333,84,28.0,85,28.33333333333333,39,13.0,4,1.3333333333333333,0,0.0,BAT,60.32258064516129,62.60534619636217,1.0
SandeepSharma,1097.0,156.71428571428572,7,79,11.285714285714285,95,13.571428571428573,732,104.57142857142857,2,0.2857142857142857,0,0.0,11,1.5714285714285714,0,0.0,BWL,100.38461538461539,94.21547738593937,2.0
SanjuSamson,854.0,122.0,7,93,13.285714285714285,0,0.0,0,0.0,170,24.285714285714285,89,12.714285714285715,43,6.142857142857142,4,0.5714285714285714,WK,68.17543859649123,66.02710550233283,1.0
SarfarazKhan,156.0,39.0,4,33,8.25,0,0.0,0,0.0,45,11.25,11,2.75,2,0.5,0,0.0,BAT,13.290916570676323,16.29468572080076,0.3
SaurabhTiwary,447.5,49.72222222222222,9,81,9.0,0,0.0,0,0.0,93,10.333333333333334,45,5.0,23,2.555555555555556,0,0.0,BAT,16.906382978723403,20.463743986690073,0.4
ScottStyris,151.5,50.5,3,12,4.0,8,2.6666666666666665,83,27.66666666666667,10,3.333333333333333,3,1.0,2,0.6666666666666666,0,0.0,AR,6.1098901098901095,11.716393185358704,0.3
ShadabJakati,562.5,80.35714285714286,7,59,8.428571428571429,47,6.7142857142857135,338,48.28571428571429,3,0.42857142857142855,0,0.0,21,3.0,0,0.0,BWL,48.15151515151515,37.069503281598195,1.0
ShahbazNadeem,600.5,66.72222222222223,9,64,7.111111111111112,42,4.666666666666667,416,46.22222222222222,1,0.1111111111111111,0,0.0,14,1.5555555555555556,0,0.0,BWL,16.892592592592592,28.29382234829195,0.5
ShakibAlHasan,936.0,117.0,8,63,7.875,59,7.375,457,57.125,70,8.75,20,2.5,11,1.375,0,0.0,AR,29.57142857142857,39.37306346781136,0.75
ShaneWarne,724.5,181.125,4,55,13.75,57,14.25,429,107.25,14,3.5,6,1.5,16,4.0,0,0.0,BWL,110.48872180451127,105.49764420431943,2.0
ShaneWatson,2698.0,245.27272727272728,11,134,12.181818181818182,92,8.363636363636363,804,73.0909090909091,343,31.181818181818183,177,16.09090909090909,38,3.4545454545454546,0,0.0,AR,93.0,86.24266000970808,2.0
ShanthakumaranSreesanth,562.5,112.5,5,44,8.8,40,8.0,400,80.0,6,1.2,0,0.0,3,0.6,0,0.0,BWL,28.98867924528302,50.33022509174164,1.0
ShardulThakur,442.5,110.625,4,36,9.0,36,9.0,268,67.0,5,1.25,1,0.25,13,3.25,0,0.0,BWL,54.19055944055944,57.80771358271358,1.0
ShaunMarsh,1003.0,111.44444444444444,9,71,7.888888888888888,0,0.0,0,0.0,266,29.555555555555557,78,8.666666666666666,26,2.888888888888889,0,0.0,BAT,56.142857142857146,55.82420470952302,1.0
ShaunTait,306.5,76.625,4,21,5.25,23,5.75,200,50.0,1,0.25,1,0.25,8,2.0,0,0.0,BWL,22.91258697027198,25.921320439313888,0.5
ShikharDhawan,1862.0,143.23076923076925,13,164,12.615384615384615,4,0.3076923076923077,17,1.3076923076923077,527,40.53846153846154,96,7.384615384615384,71,5.461538461538462,0,0.0,BAT,80.22727272727273,70.95206741879298,1.5
ShreevatsGoswami,148.0,24.66666666666667,6,29,4.833333333333333,0,0.0,0,0.0,32,5.333333333333333,3,0.5,16,2.6666666666666665,7,1.1666666666666667,WK,2.4796863141917536,3.6784992463477817,0.3
ShreyasGopal,405.0,81.0,5,31,6.2,38,7.6,211,42.2,14,2.8,1,0.2,9,1.8,0,0.0,BWL,16.908695652173915,38.14192167236384,0.5
ShreyasIyer,662.0,132.4,5,62,12.4,0,0.0,0,0.0,149,29.8,67,13.4,22,4.4,0,0.0,BAT,80.23809523809524,76.70539682539683,1.5
SiddarthKaul,509.0,101.8,5,45,9.0,49,9.8,320,64.0,0,0.0,0,0.0,7,1.4,0,0.0,BWL,16.92987012987013,46.434179154179155,0.75
SiddharthChitnis,54.0,13.5,4,11,2.75,2,0.5,10,2.5,10,2.5,2,0.5,2,0.5,0,0.0,BAT,2.4782486907806605,4.269475146289077,0.3
SiddharthTrivedi,775.0,129.16666666666666,6,76,12.666666666666664,65,10.833333333333336,494,82.33333333333333,3,0.5,1,0.16666666666666666,17,2.833333333333333,0,0.0,BWL,74.22704081632654,69.02079187741317,1.5
SouravGanguly,654.5,130.9,5,59,11.8,10,2.0,75,15.0,137,27.4,42,8.4,22,4.4,0,0.0,BAT,56.15625,63.453542652160195,1.0
SreenathArvind,485.0,97.0,5,38,7.6,45,9.0,290,58.0,7,1.4,0,0.0,8,1.6,0,0.0,BWL,28.925,45.79015688466909,0.75
SrikkanthAnirudha,55.0,11.0,5,16,3.2,0,0.0,0,0.0,7,1.4,5,1.0,8,1.6,0,0.0,BAT,2.463694267515924,3.9061419325927793,0.3
SteveSmith,726.5,103.78571428571428,7,81,11.571428571428573,0,0.0,0,0.0,180,25.714285714285715,49,7.0,42,6.0,0,0.0,BAT,56.140845070422536,50.686431152800985,1.0
StuartBinny,611.0,61.1,10,95,9.5,22,2.2,199,19.9,66,6.6,35,3.5,19,1.9,0,0.0,AR,9.70668482578595,14.478143557192135,0.3
SubramaniamBadrinath,523.0,87.16666666666669,6,95,15.833333333333336,0,0.0,0,0.0,154,25.66666666666667,28,4.666666666666667,16,2.6666666666666665,0,0.0,BAT,38.56025641025641,38.81467310002267,0.75
SunilNarine,1907.0,238.375,8,110,13.75,122,15.25,1051,131.375,93,11.625,44,5.5,17,2.125,0,0.0,AR,82.51428571428573,80.661950257345,1.5
SunnySohal,153.0,51.0,3,21,7.0,0,0.0,0,0.0,34,11.333333333333336,18,6.0,2,0.6666666666666666,0,0.0,BAT,28.926582278481014,26.506887075283146,0.75
SureshRaina,2532.5,211.04166666666663,12,193,16.083333333333332,25,2.083333333333333,281,23.41666666666667,493,41.083333333333336,194,16.166666666666668,101,8.416666666666666,0,0.0,BAT,120.51315789473685,112.9467907893728,2.0
SuryakumarYadav,674.0,96.28571428571428,7,85,12.142857142857142,0,0.0,2,0.2857142857142857,161,23.0,47,6.7142857142857135,42,6.0,0,0.0,WK,28.920481927710846,42.17530003541379,0.75
ThisaraPerera,514.0,85.66666666666667,6,37,6.166666666666668,31,5.166666666666667,227,37.833333333333336,23,3.8333333333333335,26,4.333333333333333,12,2.0,0,0.0,AR,4.282644628099174,27.83802541645783,0.4
TillakaratneDilshan,392.0,78.4,5,38,7.6,5,1.0,46,9.2,98,19.6,11,2.2,18,3.6,0,0.0,BAT,16.91904761904762,28.282168631282197,0.5
TimSouthee,506.5,72.35714285714286,7,40,5.7142857142857135,28,4.0,332,47.42857142857143,8,1.1428571428571428,4,0.5714285714285714,17,2.4285714285714284,0,0.0,BWL,16.897087378640776,27.332431774157445,0.4
TirumalasettiSuman,317.5,63.5,5,43,8.6,6,1.2,43,8.6,55,11.0,26,5.2,10,2.0,0,0.0,BAT,9.683333333333335,23.66183412330075,0.4
TrentBoult,468.5,93.7,5,33,6.6,38,7.6,297,59.4,0,0.0,1,0.2,14,2.8,0,0.0,BWL,16.920481927710846,40.97426832893976,0.75
UmeshYadav,1481.0,148.1,10,119,11.9,119,11.9,948,94.8,11,1.1,4,0.4,30,3.0,0,0.0,BWL,80.25062656641603,77.85120499958296,1.5
UnmuktChand,131.5,21.91666666666667,6,21,3.5,0,0.0,0,0.0,32,5.333333333333333,9,1.5,8,1.3333333333333333,0,0.0,BAT,6.0668903803131995,7.2762740735074685,0.3
VVSLaxman,110.0,27.5,4,20,5.0,0,0.0,0,0.0,33,8.25,5,1.25,4,1.0,0,0.0,BAT,6.079052618422698,9.08292240356286,0.3
VarunAaron,531.5,75.92857142857143,7,47,6.7142857142857135,42,6.0,365,52.14285714285714,2,0.2857142857142857,2,0.2857142857142857,3,0.42857142857142855,0,0.0,BWL,16.90989010989011,31.21870171671517,0.5
VijayShankar,241.5,60.375,4,33,8.25,2,0.5,23,5.75,34,8.5,24,6.0,17,4.25,0,0.0,AR,14.520400432900434,13.616041239940149,0.3
VinayKumar,1309.5,119.04545454545456,11,105,9.545454545454543,105,9.545454545454543,763,69.36363636363636,21,1.9090909090909087,9,0.8181818181818182,38,3.4545454545454546,0,0.0,BWL,48.256410256410255,57.57320780371438,1.0
ViratKohli,2119.5,176.625,12,177,14.75,4,0.3333333333333333,52,4.333333333333333,480,40.0,191,15.916666666666664,74,6.166666666666668,0,0.0,BAT,90.23513513513514,86.29510082681685,2.0
VirenderSehwag,1263.0,180.42857142857144,7,93,13.285714285714285,6,0.8571428571428571,43,6.142857142857142,310,44.28571428571429,99,14.142857142857142,31,4.428571428571429,0,0.0,BAT,120.58823529411765,98.44264390974065,2.0
WashingtonSundar,231.0,77.0,3,21,7.0,16,5.333333333333333,131,43.66666666666666,5,1.6666666666666667,4,1.3333333333333333,7,2.333333333333333,0,0.0,AR,13.320481927710844,16.12595809928853,0.3
WayneParnell,358.0,89.5,4,26,6.5,26,6.5,241,60.25,4,1.0,1,0.25,5,1.25,0,0.0,BWL,26.52966476913346,29.527220976367083,0.5
WriddhimanSaha,804.0,67.0,12,120,10.0,0,0.0,0,0.0,160,13.333333333333336,59,4.916666666666667,60,5.0,19,1.5833333333333333,WK,9.704714912280703,26.935617780482207,0.4
YoMahesh,202.0,67.33333333333333,3,17,5.666666666666668,20,6.666666666666668,117,39.0,0,0.0,0,0.0,6,2.0,0,0.0,BWL,9.673529411764708,37.483515180265655,0.5
YusufPathan,1856.5,154.70833333333334,12,174,14.5,42,3.5,394,32.833333333333336,262,21.83333333333333,158,13.166666666666664,43,3.583333333333333,0,0.0,AR,51.01111111111112,53.676487556720026,1.0
YuvrajSingh,1535.0,139.54545454545453,11,132,12.0,36,3.272727272727273,260,23.63636363636364,217,19.727272727272727,149,13.545454545454545,34,3.0909090909090913,0,0.0,BAT,68.1923076923077,66.84135586878294,1.5
YuzvendraChahal,1047.5,149.64285714285714,7,84,12.0,100,14.285714285714285,650,92.85714285714286,0,0.0,0,0.0,19,2.7142857142857144,0,0.0,BWL,100.33333333333333,94.95910381657039,2.0
ZaheerKhan,1321.5,132.15,10,100,10.0,102,10.2,875,87.5,11,1.1,2,0.2,22,2.2,0,0.0,BWL,64.20564516129032,67.00887093291192,1.5
