PLAYER,Pts_sum,Pts_mean,years_played,Mat_sum,Mat_mean,Wkts_sum,Wkts_mean,Dots_sum,Dots_mean,4s_sum,4s_mean,6s_sum,6s_mean,Catches_sum,Catches_mean,Stumpings_sum,Stumpings_mean,position,overseas_or_indian,median_season_ratings,avg_season_ratings,base_price
ABdeVilliers,1712.5,155.6818181818182,11,139,12.636363636363635,0,0.0,0,0.0,318,28.90909090909091,200,18.181818181818183,80,7.272727272727272,7,0.6363636363636364,BAT,Overseas,50.3448275862069,51.410021406795565,1.5
AaronFinch,751.0,83.44444444444444,9,75,8.333333333333334,1,0.1111111111111111,13,1.4444444444444444,176,19.555555555555557,67,7.4444444444444455,24,2.6666666666666665,0,0.0,BAT,Overseas,11.6990099009901,27.45743805577378,0.75
AbhishekJhunjhunwala,120.5,40.16666666666666,3,21,7.0,1,0.3333333333333333,27,9.0,19,6.333333333333332,5,1.6666666666666667,10,3.333333333333333,0,0.0,BAT,Indian,2.4724637681159423,4.623134064202849,0.3
AbhishekNayar,340.5,48.64285714285714,7,60,8.571428571428571,9,1.2857142857142858,69,9.857142857142858,55,7.857142857142858,20,2.8571428571428568,13,1.8571428571428568,0,0.0,BAT,Indian,2.480645161290323,8.571046937488928,0.3
AdamGilchrist,1091.5,181.91666666666663,6,80,13.333333333333336,1,0.16666666666666666,1,0.16666666666666666,239,39.833333333333336,92,15.333333333333336,51,8.5,16,2.6666666666666665,WK,Overseas,70.38074712643679,61.764018883415424,2.0
AjanthaMendis,109.0,27.25,4,10,2.5,8,2.0,76,19.0,0,0.0,0,0.0,2,0.5,0,0.0,BWL,Overseas,4.077748312439731,4.884164011292329,0.3
AjinkyaRahane,1412.0,128.36363636363637,11,140,12.727272727272727,1,0.09090909090909093,2,0.18181818181818185,404,36.72727272727273,74,6.727272727272728,55,5.0,0,0.0,BAT,Indian,50.23255813953488,41.32551971795207,1.0
AjitAgarkar,418.0,69.66666666666667,6,42,7.0,29,4.833333333333333,254,42.333333333333336,13,2.1666666666666665,5,0.8333333333333334,5,0.8333333333333334,0,0.0,BWL,Indian,11.919799139167862,13.732258000238959,0.5
AkshdeepNath,29.5,7.375,4,14,3.5,0,0.0,0,0.0,7,1.75,2,0.5,2,0.5,0,0.0,BAT,Indian,2.467512274959084,2.469445378112682,0.3
AlbieMorkel,1338.0,148.66666666666666,9,91,10.111111111111109,85,9.444444444444443,648,72.0,61,6.777777777777778,55,6.111111111111112,19,2.1111111111111107,0,0.0,AR,Overseas,62.85454545454546,41.475610957984564,2.0
AmbatiRayudu,1255.5,125.55,10,147,14.7,0,0.0,3,0.3,278,27.8,120,12.0,53,5.3,2,0.2,BAT,Indian,38.155011655011656,37.90643015512111,1.0
AmitMishra,1805.5,150.45833333333334,12,147,12.25,157,13.083333333333336,1111,92.58333333333331,29,2.4166666666666665,5,0.4166666666666667,22,1.8333333333333333,0,0.0,BWL,Indian,50.21739130434783,50.17526701753076,1.5
AndreRussell,1270.0,181.42857142857144,7,64,9.142857142857142,55,7.857142857142858,365,52.14285714285714,96,13.714285714285715,120,17.142857142857142,21,3.0,0,0.0,AR,Overseas,69.0,46.123296148781556,2.0
AndrewSymonds,643.0,160.75,4,39,9.75,20,5.0,192,48.0,74,18.5,41,10.25,21,5.25,0,0.0,AR,Overseas,21.57246376811594,33.46098435930549,1.0
AndrewTye,373.0,124.33333333333331,3,26,8.666666666666666,39,13.0,190,63.33333333333334,6,2.0,4,1.3333333333333333,7,2.333333333333333,0,0.0,BWL,Overseas,32.149253731343286,40.54616637549035,1.0
AngeloMathews,577.5,96.25,6,49,8.166666666666666,27,4.5,224,37.333333333333336,44,7.333333333333332,29,4.833333333333333,19,3.1666666666666665,0,0.0,AR,Overseas,16.04479166666667,18.10781946429812,0.75
AnilKumble,564.0,188.0,3,42,14.0,45,15.0,374,124.66666666666669,3,1.0,0,0.0,10,3.333333333333333,0,0.0,BWL,Indian,81.0,61.54421768707483,2.0
AnkitRajpoot,260.0,52.0,5,23,4.6,22,4.4,168,33.6,2,0.4,0,0.0,4,0.8,0,0.0,BWL,Indian,8.895238095238096,10.825853011943375,0.4
AnkitSharma,220.5,31.5,7,22,3.1428571428571432,12,1.7142857142857142,137,19.571428571428573,7,1.0,4,0.5714285714285714,4,0.5714285714285714,0,0.0,BWL,Indian,2.4800000000000004,5.626076876638102,0.3
AnureetSingh,223.0,44.6,5,23,4.6,18,3.6,139,27.8,2,0.4,1,0.2,5,1.0,0,0.0,BWL,Indian,2.4740740740740743,14.038439100082709,0.4
AshishNehra,1018.0,127.25,8,75,9.375,87,10.875,660,82.5,3,0.375,1,0.125,17,2.125,0,0.0,BWL,Indian,28.163912579957355,38.531004859338765,1.0
AshishReddy,250.5,62.625,4,31,7.75,17,4.25,76,19.0,16,4.0,15,3.75,9,2.25,0,0.0,BWL,Indian,5.70668482578595,9.003245513668169,0.3
AshokDinda,883.5,88.35,10,78,7.8,68,6.8,623,62.3,2,0.2,0,0.0,7,0.7,0,0.0,BWL,Indian,21.542386671832624,23.87337464715141,0.75
AxarPatel,1137.5,189.58333333333331,6,82,13.666666666666664,71,11.833333333333336,564,94.0,47,7.833333333333332,35,5.833333333333332,34,5.666666666666668,0,0.0,AR,Indian,62.712500000000006,53.64103126405758,1.5
AzharMahmood,463.5,154.5,3,23,7.666666666666668,29,9.666666666666666,199,66.33333333333333,39,13.0,13,4.333333333333333,8,2.6666666666666665,0,0.0,AR,Overseas,67.5,45.93636363636363,2.0
BarinderSran,243.0,48.6,5,24,4.8,18,3.6,170,34.0,0,0.0,0,0.0,4,0.8,0,0.0,BWL,Indian,2.470921985815603,15.332380371142957,0.4
BenCutting,242.0,48.4,5,21,4.2,10,2.0,78,15.6,15,3.0,19,3.8,10,2.0,0,0.0,AR,Overseas,4.097087378640777,5.025629372054313,0.3
BenStokes,537.0,179.0,3,34,11.333333333333336,26,8.666666666666666,216,72.0,43,14.333333333333336,25,8.333333333333334,14,4.666666666666667,0,0.0,AR,Overseas,34.3125,42.92824074074074,1.0
BharatChipli,103.0,25.75,4,23,5.75,0,0.0,1,0.25,28,7.0,7,1.75,3,0.75,0,0.0,BAT,Indian,2.4678597718071407,5.57688854223432,0.3
BhuvneshwarKumar,1710.0,190.0,9,117,13.0,133,14.777777777777779,1124,124.88888888888887,17,1.8888888888888888,3,0.3333333333333333,27,3.0,0,0.0,BWL,Indian,80.66666666666667,63.78705441736612,2.0
BipulSharma,267.0,38.142857142857146,7,33,4.714285714285714,17,2.4285714285714284,131,18.714285714285715,11,1.5714285714285714,9,1.2857142857142858,7,1.0,0,0.0,BWL,Indian,5.686956521739131,5.687493009956786,0.3
BradHodge,645.0,92.14285714285714,7,66,9.428571428571429,17,2.4285714285714284,75,10.714285714285714,122,17.428571428571427,43,6.142857142857142,22,3.1428571428571432,0,0.0,BAT,Overseas,28.11764705882353,25.838050452004193,1.0
BradHogg,252.0,63.0,4,21,5.25,23,5.75,159,39.75,1,0.25,0,0.0,4,1.0,0,0.0,BWL,Overseas,11.917638965327463,13.608564880235216,0.5
BrendonMcCullum,1295.0,117.72727272727272,11,109,9.909090909090908,0,0.0,0,0.0,293,26.63636363636364,130,11.818181818181818,37,3.363636363636364,6,0.5454545454545454,WK,Overseas,44.22727272727273,38.76175466607015,1.0
BrettLee,534.5,89.08333333333331,6,38,6.333333333333332,25,4.166666666666667,374,62.33333333333334,8,1.3333333333333333,8,1.3333333333333333,10,1.6666666666666667,0,0.0,BWL,Overseas,15.568882978723405,19.82556546728647,0.75
CMGautam,81.0,27.0,3,13,4.333333333333333,0,0.0,0,0.0,17,5.666666666666668,6,2.0,3,1.0,4,1.3333333333333333,WK,Indian,2.4699300699300704,4.615790866221901,0.3
CameronWhite,382.5,76.5,5,47,9.4,1,0.2,8,1.6,76,15.2,36,7.2,22,4.4,0,0.0,BAT,Overseas,8.895238095238096,25.106920111938216,0.75
ChamindaVaas,206.5,68.83333333333333,3,13,4.333333333333333,18,6.0,128,42.66666666666666,2,0.6666666666666666,3,1.0,0,0.0,0,0.0,BWL,Overseas,8.913636363636364,15.327825877825878,0.4
CharlLangeveldt,118.0,39.333333333333336,3,7,2.333333333333333,13,4.333333333333333,69,23.0,0,0.0,1,0.3333333333333333,0,0.0,0,0.0,BWL,Overseas,8.88849557522124,7.827562879020455,0.4
CheteshwarPujara,154.0,30.8,5,30,6.0,0,0.0,0,0.0,50,10.0,4,0.8,6,1.2,0,0.0,BAT,Indian,5.684033613445378,5.041894902124061,0.3
ChrisGayle,2369.0,215.3636363636364,11,125,11.363636363636365,18,1.6363636363636365,180,16.363636363636363,369,33.54545454545455,326,29.63636363636364,25,2.272727272727273,0,0.0,BAT,Overseas,80.47619047619048,63.18774917668269,2.0
ChrisJordan,114.0,38.0,3,11,3.6666666666666665,12,4.0,62,20.666666666666668,0,0.0,0,0.0,4,1.3333333333333333,0,0.0,BWL,Overseas,2.474626865671642,9.03613587543268,0.3
ChrisLynn,565.5,94.25,6,41,6.833333333333332,0,0.0,0,0.0,128,21.33333333333333,63,10.5,10,1.6666666666666667,0,0.0,BAT,Overseas,27.963968026234884,36.94428800612223,1.0
ChrisMorris,994.0,165.66666666666666,6,61,10.166666666666666,69,11.5,498,83.0,37,6.166666666666668,27,4.5,27,4.5,0,0.0,AR,Overseas,60.32925278219396,48.98334222971269,1.5
ColinMunro,90.5,30.16666666666667,3,13,4.333333333333333,0,0.0,5,1.6666666666666667,19,6.333333333333332,8,2.6666666666666665,4,1.3333333333333333,0,0.0,BAT,Overseas,8.887719298245615,6.7514619883040945,0.4
ColindeGrandhomme,205.0,68.33333333333333,3,25,8.333333333333334,6,2.0,61,20.33333333333333,18,6.0,18,6.0,6,2.0,0,0.0,AR,Overseas,8.740845070422536,9.121234071093225,0.4
CoreyAnderson,355.5,88.875,4,30,7.5,11,2.75,81,20.25,40,10.0,31,7.75,11,2.75,0,0.0,AR,Overseas,11.627893799579086,16.67478433821319,0.5
DaleSteyn,1439.5,143.95,10,92,9.2,96,9.6,998,99.8,14,1.4,3,0.3,24,2.4,0,0.0,BWL,Overseas,60.44563279857398,46.76984520398192,1.5
DanChristian,558.0,111.6,5,40,8.0,34,6.8,270,54.0,22,4.4,19,3.8,19,3.8,0,0.0,AR,Overseas,31.192307692307693,26.603960418734907,1.0
DanielVettori,340.0,85.0,4,27,6.75,21,5.25,222,55.5,8,2.0,2,0.5,7,1.75,0,0.0,BWL,Overseas,12.307271906052394,26.84555632773346,0.75
DarrenSammy,233.5,77.83333333333333,3,22,7.333333333333332,11,3.6666666666666665,72,24.0,15,5.0,18,6.0,9,3.0,0,0.0,AR,Overseas,8.73157894736842,15.12906222258829,0.4
DavidHussey,611.5,87.35714285714286,7,64,9.142857142857142,8,1.1428571428571428,86,12.285714285714285,90,12.857142857142858,60,8.571428571428571,25,3.571428571428572,0,0.0,BAT,Overseas,8.91764705882353,21.705088371038247,0.5
DavidMiller,742.0,92.75,8,79,9.875,0,0.0,0,0.0,126,15.75,87,10.875,49,6.125,0,0.0,BAT,Overseas,14.931670131670133,28.082884568502422,0.75
DavidWarner,1848.5,205.38888888888889,9,119,13.222222222222221,0,0.0,0,0.0,442,49.111111111111114,176,19.555555555555557,51,5.666666666666668,0,0.0,BAT,Overseas,80.55555555555556,68.16248360692803,2.0
DeepakChahar,483.5,120.875,4,34,8.5,33,8.25,332,83.0,2,0.5,6,1.5,4,1.0,0,0.0,BWL,Indian,26.386741363211954,34.64508636788048,1.0
DeepakHooda,291.0,58.2,5,61,12.2,7,1.4,60,12.0,27,5.4,24,4.8,22,4.4,0,0.0,BAT,Indian,5.702040816326531,6.910861827248382,0.3
DhawalKulkarni,1109.0,92.41666666666669,12,90,7.5,86,7.166666666666668,731,60.91666666666666,6,0.5,2,0.16666666666666666,22,1.8333333333333333,0,0.0,BWL,Indian,14.945858833129336,23.47013556090512,0.75
DimitriMascarenhas,214.0,42.8,5,13,2.6,19,3.8,124,24.8,5,1.0,1,0.2,3,0.6,0,0.0,AR,Overseas,4.083333333333333,6.142858632395191,0.3
DineshKarthik,1469.5,133.5909090909091,11,167,15.181818181818182,0,0.0,0,0.0,337,30.63636363636364,92,8.363636363636363,97,8.818181818181818,25,2.272727272727273,WK,Indian,38.15873015873016,39.66340896521675,1.0
DirkNannes,210.5,70.16666666666667,3,16,5.333333333333333,13,4.333333333333333,150,50.0,0,0.0,0,0.0,6,2.0,0,0.0,BWL,Overseas,8.90989010989011,14.523880748880751,0.4
DougBollinger,409.5,136.5,3,27,9.0,37,12.333333333333336,254,84.66666666666667,1,0.3333333333333333,1,0.3333333333333333,8,2.6666666666666665,0,0.0,BWL,Overseas,60.27777777777778,51.830429292929296,1.5
DwarakaRaviTeja,154.0,30.8,5,32,6.4,1,0.2,4,0.8,35,7.0,9,1.8,11,2.2,0,0.0,BAT,Indian,5.6990099009901,5.6850555797837,0.3
DwayneBravo,2038.0,185.27272727272728,11,134,12.181818181818182,147,13.363636363636365,835,75.9090909090909,116,10.545454545454543,61,5.545454545454546,74,6.727272727272728,0,0.0,AR,Overseas,63.111111111111114,47.80687283226819,2.0
DwayneSmith,1367.5,151.94444444444446,9,91,10.111111111111109,26,2.888888888888889,172,19.11111111111111,245,27.222222222222218,117,13.0,33,3.6666666666666665,0,0.0,BAT,Overseas,50.270270270270274,49.2452729480743,1.5
EoinMorgan,359.0,59.83333333333334,6,52,8.666666666666666,0,0.0,0,0.0,72,12.0,34,5.666666666666668,24,4.0,0,0.0,BAT,Overseas,8.897674861825806,12.639939932817205,0.4
FafduPlessis,719.0,102.71428571428572,7,71,10.142857142857142,0,0.0,0,0.0,163,23.285714285714285,59,8.428571428571429,42,6.0,0,0.0,BAT,Overseas,28.192307692307693,28.175018551016034,1.0
GautamGambhir,1412.0,141.2,10,139,13.9,0,0.0,0,0.0,459,45.9,57,5.7,26,2.6,0,0.0,BAT,Indian,38.190631808278866,44.174053766697185,1.0
GeorgeBailey,241.5,48.3,5,40,8.0,0,0.0,0,0.0,59,11.8,19,3.8,11,2.2,0,0.0,BAT,Overseas,5.686956521739131,12.583317938100548,0.3
GlennMaxwell,839.0,119.85714285714286,7,69,9.857142857142858,16,2.2857142857142856,127,18.142857142857142,109,15.571428571428573,91,13.0,26,3.7142857142857135,0,0.0,AR,Overseas,15.936986301369863,26.030337912982777,0.75
GraemeSmith,286.5,71.625,4,29,7.25,0,0.0,0,0.0,94,23.5,9,2.25,8,2.0,0,0.0,BAT,Overseas,8.718523949169112,17.562247394626215,0.5
GurkeeratMannSingh,234.5,39.083333333333336,6,33,5.5,5,0.8333333333333334,26,4.333333333333333,47,7.833333333333332,11,1.8333333333333333,13,2.1666666666666665,1,0.16666666666666666,BAT,Indian,5.683705357142857,5.690807934691918,0.3
HanumaVihari,96.5,32.166666666666664,3,24,8.0,1,0.3333333333333333,17,5.666666666666668,23,7.666666666666668,1,0.3333333333333333,6,2.0,0,0.0,BAT,Indian,2.4840336134453787,3.553924180394769,0.3
HarbhajanSingh,2238.5,186.54166666666663,12,160,13.333333333333336,150,12.5,1249,104.08333333333331,79,6.583333333333332,42,3.5,48,4.0,0,0.0,BWL,Indian,80.49107142857143,62.55971869221026,2.0
HardikPandya,967.5,193.5,5,66,13.2,42,8.4,295,59.0,72,14.4,68,13.6,43,8.6,0,0.0,AR,Indian,56.833333333333336,46.27017481691472,1.5
HarmeetSinghBansal,298.0,59.6,5,27,5.4,25,5.0,183,36.6,3,0.6,0,0.0,8,1.6,0,0.0,BWL,Indian,8.891743119266057,10.669593635333504,0.4
HarshalPatel,507.0,72.42857142857143,7,43,6.142857142857142,43,6.142857142857142,290,41.42857142857143,3,0.42857142857142855,9,1.2857142857142858,11,1.5714285714285714,0,0.0,BWL,Indian,5.695238095238095,16.708852337440096,0.4
HerschelleGibbs,371.0,92.75,4,36,9.0,0,0.0,0,0.0,83,20.75,31,7.75,22,5.5,0,0.0,BAT,Overseas,21.560353535353535,24.786944999445,0.75
ImranTahir,726.5,121.08333333333331,6,55,9.166666666666666,79,13.166666666666664,410,68.33333333333333,3,0.5,0,0.0,13,2.1666666666666665,0,0.0,BWL,Overseas,26.557630761882017,35.63272593940192,1.0
IqbalAbdulla,532.0,59.111111111111114,9,49,5.4444444444444455,40,4.4444444444444455,331,36.77777777777778,9,1.0,1,0.1111111111111111,14,1.5555555555555556,0,0.0,BWL,Indian,8.896153846153847,13.997850783956968,0.4
IrfanPathan,1542.5,171.38888888888889,9,103,11.444444444444445,80,8.888888888888891,838,93.11111111111113,87,9.666666666666666,37,4.111111111111111,31,3.4444444444444446,0,0.0,AR,Indian,59.714285714285715,43.88281756058274,1.5
IshanKishan,321.5,80.375,4,37,9.25,0,0.0,0,0.0,64,16.0,34,8.5,15,3.75,2,0.5,WK,Indian,23.535157273918742,24.93582681214185,0.75
IshankJaggi,20.0,6.666666666666668,3,7,2.333333333333333,0,0.0,0,0.0,6,2.0,0,0.0,2,0.6666666666666666,0,0.0,BAT,Indian,2.460606060606061,2.4624129153915715,0.3
IshantSharma,1317.0,119.72727272727272,11,100,9.090909090909092,83,7.545454545454546,956,86.9090909090909,5,0.4545454545454545,3,0.2727272727272727,19,1.7272727272727273,0,0.0,BWL,Indian,50.23255813953488,40.043185475843785,1.0
JPDuminy,981.0,122.625,8,83,10.375,23,2.875,234,29.25,126,15.75,79,9.875,30,3.75,0,0.0,AR,Overseas,17.544957983193278,26.110195426107047,0.75
JacobOram,158.0,39.5,4,18,4.5,9,2.25,74,18.5,6,1.5,5,1.25,8,2.0,0,0.0,AR,Overseas,4.0816691321499015,4.503197203437589,0.3
JacquesKallis,1697.5,242.5,7,98,14.0,65,9.285714285714286,601,85.85714285714286,255,36.42857142857143,44,6.2857142857142865,31,4.428571428571429,0,0.0,AR,Overseas,70.33333333333333,58.73950289575289,2.0
JamesFaulkner,814.0,116.28571428571428,7,60,8.571428571428571,59,8.428571428571429,397,56.714285714285715,36,5.142857142857143,23,3.2857142857142856,16,2.2857142857142856,0,0.0,AR,Overseas,5.716279069767443,25.702216737956586,0.75
JasonHolder,127.0,42.333333333333336,3,11,3.6666666666666665,5,1.6666666666666667,80,26.66666666666667,4,1.3333333333333333,2,0.6666666666666666,5,1.6666666666666667,0,0.0,AR,Overseas,4.096153846153846,3.559963930316441,0.3
JaspritBumrah,982.0,140.28571428571428,7,77,11.0,82,11.714285714285715,664,94.85714285714286,2,0.2857142857142857,1,0.14285714285714285,9,1.2857142857142858,0,0.0,BWL,Indian,60.38461538461539,49.985177195763015,1.5
JayantYadav,116.5,29.125,4,12,3.0,5,1.25,89,22.25,0,0.0,0,0.0,4,1.0,0,0.0,BWL,Indian,2.4875382262996943,3.287040106915891,0.3
JaydevUnadkat,854.5,85.45,10,73,7.3,77,7.7,509,50.9,6,0.6,1,0.1,23,2.3,0,0.0,BWL,Indian,18.526373626373626,27.124741467153378,0.75
JesseRyder,371.0,123.66666666666669,3,29,9.666666666666666,8,2.6666666666666665,79,26.33333333333333,69,23.0,19,6.333333333333332,10,3.333333333333333,0,0.0,BAT,Overseas,28.136986301369863,34.73943236842044,1.0
JoginderSharma,135.0,33.75,4,16,4.0,12,3.0,71,17.75,1,0.25,2,0.5,5,1.25,0,0.0,BWL,Indian,2.4822379507920465,5.593785059312107,0.3
JohanBotha,501.5,100.3,5,34,6.8,25,5.0,254,50.8,39,7.8,5,1.0,18,3.6,0,0.0,BWL,Overseas,8.925,22.970739465999166,0.5
JosButtler,628.5,157.125,4,45,11.25,0,0.0,0,0.0,140,35.0,61,15.25,25,6.25,1,0.25,WK,Overseas,49.20669698222406,51.84282599474048,1.5
JuanTheron,102.5,34.166666666666664,3,10,3.333333333333333,9,3.0,66,22.0,1,0.3333333333333333,0,0.0,1,0.3333333333333333,0,0.0,BWL,Overseas,2.4751879699248125,4.622855920288527,0.3
KCCariappa,103.5,25.875,4,11,2.75,8,2.0,61,15.25,0,0.0,2,0.5,3,0.75,0,0.0,BWL,Indian,4.081950895819509,4.885200594108586,0.3
KaneRichardson,208.0,69.33333333333333,3,14,4.666666666666667,18,6.0,124,41.333333333333336,2,0.6666666666666666,1,0.3333333333333333,5,1.6666666666666667,0,0.0,BWL,Overseas,8.91764705882353,14.252815974874798,0.4
KaneWilliamson,473.5,94.7,5,41,8.2,0,0.0,2,0.4,111,22.2,44,8.8,16,3.2,0,0.0,BAT,Overseas,8.90989010989011,23.890124666999668,0.5
KarnSharma,699.0,99.85714285714286,7,62,8.857142857142858,54,7.7142857142857135,381,54.42857142857143,18,2.571428571428572,14,2.0,14,2.0,0,0.0,BWL,Indian,40.21739130434783,33.11084163982602,1.0
KarunNair,584.0,83.42857142857143,7,69,9.857142857142858,0,0.0,0,0.0,158,22.57142857142857,39,5.571428571428571,21,3.0,0,0.0,BAT,Indian,32.175438596491226,24.663966553990893,1.0
KedarJadhav,448.0,49.77777777777778,9,79,8.777777777777779,0,0.0,0,0.0,92,10.222222222222221,38,4.222222222222221,27,3.0,7,0.7777777777777778,AR,Indian,5.69433962264151,6.922845005758677,0.3
KevinPietersen,476.0,95.2,5,36,7.2,7,1.4,54,10.8,91,18.2,40,8.0,12,2.4,0,0.0,BAT,Overseas,28.208333333333332,25.613104714522628,1.0
KieronPollard,1796.5,179.65,10,148,14.8,56,5.6,327,32.7,181,18.1,176,17.6,82,8.2,0,0.0,AR,Overseas,55.2939393939394,46.050905046745115,1.5
KrunalPandya,828.5,207.125,4,55,13.75,40,10.0,306,76.5,86,21.5,35,8.75,18,4.5,0,0.0,AR,Indian,63.5,63.52205882352941,2.0
KuldeepYadav,424.0,106.0,4,40,10.0,39,9.75,250,62.5,4,1.0,0,0.0,11,2.75,0,0.0,BWL,Indian,23.550309460654287,29.073179046436564,1.0
KumarSangakkara,717.0,119.5,6,71,11.833333333333336,0,0.0,0,0.0,195,32.5,27,4.5,45,7.5,9,1.5,WK,Overseas,33.25516795865633,30.277956411006386,1.0
LakshmipathyBalaji,845.0,120.71428571428572,7,73,10.428571428571429,76,10.857142857142858,538,76.85714285714286,2,0.2857142857142857,1,0.14285714285714285,13,1.8571428571428568,0,0.0,BWL,Indian,38.172413793103445,34.30781168101624,1.0
LasithMalinga,1835.0,203.88888888888889,9,122,13.555555555555555,170,18.88888888888889,1155,128.33333333333334,6,0.6666666666666666,5,0.5555555555555556,21,2.333333333333333,0,0.0,BWL,Overseas,80.52631578947368,71.27372770872906,2.0
LaxmiRatanShukla,335.0,47.85714285714285,7,47,6.7142857142857135,15,2.142857142857143,109,15.571428571428573,33,4.714285714285714,16,2.2857142857142856,14,2.0,0,0.0,AR,Indian,4.081967213114754,5.361317222333404,0.3
LendlSimmons,457.0,114.25,4,29,7.25,1,0.25,2,0.5,109,27.25,44,11.0,10,2.5,0,0.0,BAT,Overseas,37.63673157693776,39.712590934667716,1.0
LokeshRahul,581.0,116.2,5,53,10.6,0,0.0,0,0.0,127,25.4,56,11.2,22,4.4,5,1.0,WK,Indian,8.904166666666667,32.6401365517129,1.0
LukePomersbach,125.5,31.375,4,17,4.25,0,0.0,0,0.0,25,6.25,13,3.25,7,1.75,0,0.0,BAT,Overseas,2.479545454545455,5.584641138403111,0.3
MFMaharoof,290.0,145.0,2,17,8.5,23,11.5,138,69.0,12,6.0,9,4.5,4,2.0,0,0.0,BWL,Overseas,46.31622023809524,46.31622023809524,1.5
MSDhoni,1814.0,151.16666666666666,12,190,15.833333333333336,0,0.0,0,0.0,297,24.75,209,17.416666666666668,98,8.166666666666666,38,3.1666666666666665,WK,Indian,50.23558758314856,48.92703489056684,1.5
MahelaJayawardene,716.5,119.41666666666669,6,80,13.333333333333336,0,0.0,0,0.0,200,33.333333333333336,39,6.5,32,5.333333333333333,0,0.0,BAT,Overseas,32.1575682382134,32.82472532473466,1.0
MananVohra,411.5,68.58333333333333,6,49,8.166666666666666,0,0.0,0,0.0,97,16.166666666666668,39,6.5,13,2.1666666666666665,0,0.0,BAT,Indian,13.316847826086956,17.39324858582105,0.5
MandeepSingh,612.0,68.0,9,94,10.444444444444443,1,0.1111111111111111,8,0.8888888888888888,159,17.666666666666668,33,3.6666666666666665,35,3.888888888888889,0,0.0,BAT,Indian,8.925,17.15277144154201,0.5
ManishPandey,1055.0,87.91666666666669,12,130,10.833333333333336,0,0.0,0,0.0,253,21.08333333333333,75,6.25,64,5.333333333333333,0,0.0,BAT,Indian,22.1575682382134,20.878197494830136,0.75
ManojTiwary,652.5,72.5,9,96,10.666666666666666,1,0.1111111111111111,9,1.0,155,17.22222222222222,40,4.4444444444444455,45,5.0,0,0.0,BAT,Indian,8.906382978723405,17.100434307098656,0.4
ManpreetGony,537.5,76.78571428571429,7,44,6.2857142857142865,37,5.285714285714286,350,50.0,6,0.8571428571428571,8,1.1428571428571428,6,0.8571428571428571,0,0.0,BWL,Indian,8.936986301369863,19.71604483579407,0.5
ManvinderBisla,383.0,63.83333333333334,6,39,6.5,0,0.0,0,0.0,93,15.5,23,3.8333333333333335,21,3.5,7,1.1666666666666667,BAT,Indian,13.893855218855219,16.511406733425662,0.5
MarchantdeLange,56.5,18.83333333333333,3,5,1.6666666666666667,5,1.6666666666666667,39,13.0,0,0.0,0,0.0,0,0.0,0,0.0,BWL,Overseas,2.48130081300813,3.5424702562495156,0.3
MarcusStoinis,314.0,78.5,4,29,7.25,15,3.75,96,24.0,34,8.5,18,4.5,7,1.75,0,0.0,AR,Overseas,11.632191553042901,11.235006032931707,0.5
MarkBoucher,168.0,42.0,4,31,7.75,0,0.0,0,0.0,32,8.0,13,3.25,14,3.5,3,0.75,WK,Overseas,5.698948670377242,9.002314769608002,0.3
MarlonSamuels,162.5,54.16666666666666,3,15,5.0,9,3.0,79,26.33333333333333,9,3.0,7,2.333333333333333,2,0.6666666666666666,0,0.0,BAT,Overseas,2.4775193798449617,7.0412194586613195,0.3
MartinGuptill,130.0,43.33333333333334,3,13,4.333333333333333,0,0.0,0,0.0,24,8.0,15,5.0,7,2.333333333333333,0,0.0,BAT,Overseas,8.91904761904762,8.761293024043818,0.4
MatthewHayden,484.0,161.33333333333334,3,32,10.666666666666666,0,0.0,0,0.0,121,40.333333333333336,44,14.666666666666664,11,3.6666666666666665,0,0.0,BAT,Overseas,60.32258064516129,52.308127482321034,1.5
MayankAgarwal,547.0,60.77777777777778,9,77,8.555555555555555,0,0.0,0,0.0,117,13.0,52,5.777777777777778,29,3.2222222222222223,0,0.0,BAT,Indian,8.897087378640778,14.954701529527417,0.4
MichaelHussey,744.5,106.35714285714286,7,59,8.428571428571429,0,0.0,0,0.0,198,28.285714285714285,52,7.428571428571429,27,3.8571428571428568,0,0.0,BAT,Overseas,14.925,27.35837365705787,0.75
MitchellJohnson,835.5,139.25,6,54,9.0,61,10.166666666666666,535,89.16666666666669,10,1.6666666666666667,7,1.1666666666666667,15,2.5,0,0.0,BWL,Overseas,23.56470588235294,36.34998646801716,1.0
MitchellMarsh,271.0,67.75,4,20,5.0,20,5.0,112,28.0,9,2.25,14,3.5,7,1.75,0,0.0,AR,Overseas,6.501966873706005,8.662380755131055,0.3
MitchellMcClenaghan,801.0,160.2,5,56,11.2,71,14.2,513,102.6,5,1.0,7,1.4,1,0.2,0,0.0,BWL,Overseas,80.4,62.242572233967586,2.0
MithunManhas,181.5,30.25,6,45,7.5,0,0.0,15,2.5,36,6.0,9,1.5,18,3.0,0,0.0,BAT,Indian,4.089062500000001,5.146277090097887,0.3
MohammadKaif,116.0,29.0,4,29,7.25,0,0.0,0,0.0,22,5.5,6,1.5,16,4.0,0,0.0,BAT,Indian,2.469444444444445,4.080818448093729,0.3
MohammadNabi,220.5,73.5,3,13,4.333333333333333,11,3.6666666666666665,115,38.333333333333336,11,3.6666666666666665,7,2.333333333333333,6,2.0,0,0.0,AR,Overseas,4.091743119266055,14.59946030863462,0.4
MohammedShami,543.5,90.58333333333331,6,49,8.166666666666666,40,6.666666666666668,364,60.66666666666666,5,0.8333333333333334,2,0.3333333333333333,8,1.3333333333333333,0,0.0,BWL,Indian,8.92570710245129,23.64911341884375,0.5
MohitSharma,1039.5,148.5,7,85,12.142857142857142,91,13.0,642,91.71428571428572,8,1.1428571428571428,4,0.5714285714285714,18,2.571428571428572,0,0.0,BWL,Indian,60.357142857142854,51.98332342506381,1.5
MoisesHenriques,789.5,112.78571428571428,7,57,8.142857142857142,38,5.428571428571429,277,39.57142857142857,87,12.428571428571427,27,3.8571428571428568,27,3.8571428571428568,0,0.0,AR,Overseas,17.592307692307696,26.717656218221315,0.75
MorneMorkel,1050.0,131.25,8,70,8.75,77,9.625,708,88.5,11,1.375,5,0.625,11,1.375,0,0.0,BWL,Overseas,41.194902548725636,44.71439679200697,1.0
MunafPatel,896.5,128.07142857142858,7,63,9.0,74,10.571428571428571,590,84.28571428571429,5,0.7142857142857143,0,0.0,14,2.0,0,0.0,BWL,Indian,80.38461538461539,48.96186578546667,2.0
MuraliKartik,561.5,80.21428571428571,7,56,8.0,31,4.428571428571429,382,54.57142857142857,7,1.0,1,0.14285714285714285,20,2.8571428571428568,0,0.0,BWL,Indian,22.125,16.82412709565856,0.75
MuraliVijay,1051.5,105.15,10,103,10.3,0,0.0,8,0.8,243,24.3,91,9.1,47,4.7,0,0.0,BAT,Indian,28.150460363799688,32.03095696959631,1.0
MustafizurRahman,293.0,97.66666666666669,3,24,8.0,24,8.0,199,66.33333333333333,0,0.0,0,0.0,4,1.3333333333333333,0,0.0,BWL,Overseas,14.944927536231885,32.74759233286583,1.0
MuttiahMuralitharan,860.5,122.92857142857143,7,66,9.428571428571429,63,9.0,600,85.71428571428571,1,0.14285714285714285,0,0.0,15,2.142857142857143,0,0.0,BWL,Overseas,50.208333333333336,43.6290612826327,1.0
NamanOjha,764.0,76.4,10,113,11.3,0,0.0,0,0.0,121,12.1,79,7.9,64,6.4,10,1.0,WK,Indian,11.934963768115942,20.114723739933847,0.5
NathanCoulter-Nile,414.5,82.9,5,26,5.2,36,7.2,247,49.4,3,0.6,4,0.8,8,1.6,0,0.0,BWL,Overseas,8.905263157894737,28.908832339544468,0.75
NitishRana,502.0,125.5,4,46,11.5,7,1.75,35,8.75,84,21.0,60,15.0,9,2.25,0,0.0,BAT,Indian,44.20842379504994,38.39916654605104,1.0
OwaisShah,183.0,45.75,4,23,5.75,0,0.0,0,0.0,34,8.5,23,5.75,7,1.75,0,0.0,BAT,Overseas,5.675893357230874,12.995247187953296,0.3
PankajSingh,162.0,32.4,5,17,3.4,11,2.2,111,22.2,0,0.0,0,0.0,5,1.0,0,0.0,BWL,Indian,2.48130081300813,3.762918281872986,0.3
ParasDogra,37.5,12.5,3,13,4.333333333333333,0,0.0,0,0.0,4,1.3333333333333333,5,1.6666666666666667,4,1.3333333333333333,0,0.0,BAT,Indian,2.4571428571428573,3.531748173853437,0.3
ParthivPatel,1296.5,108.04166666666669,12,139,11.583333333333336,0,0.0,0,0.0,365,30.41666666666667,49,4.083333333333333,69,5.75,16,1.3333333333333333,WK,Indian,25.56393442622951,26.951260430762634,1.0
ParveezRasool,84.0,21.0,4,11,2.75,4,1.0,60,15.0,1,0.25,0,0.0,3,0.75,0,0.0,BWL,Indian,2.4806661462399173,2.4781185634916563,0.3
PatCummins,209.0,69.66666666666667,3,16,5.333333333333333,17,5.666666666666668,118,39.333333333333336,5,1.6666666666666667,4,1.3333333333333333,2,0.6666666666666666,0,0.0,BWL,Overseas,2.487719298245614,18.44936408620619,0.5
PaulValthaty,298.5,74.625,4,23,5.75,7,1.75,44,11.0,61,15.25,20,5.0,3,0.75,0,0.0,BAT,Indian,2.4684387554891156,22.680439309016034,0.5
PawanNegi,518.0,64.75,8,50,6.25,34,4.25,238,29.75,27,3.375,16,2.0,15,1.875,0,0.0,AR,Indian,4.893364599617857,13.632398350325047,0.3
PinalShah,62.0,20.666666666666668,3,16,5.333333333333333,0,0.0,0,0.0,9,3.0,2,0.6666666666666666,10,3.333333333333333,3,1.0,BAT,Indian,2.478740157480315,2.478925998643508,0.3
PiyushChawla,1932.0,161.0,12,157,13.083333333333336,150,12.5,1109,92.41666666666669,54,4.5,18,1.5,40,3.333333333333333,0,0.0,BWL,Indian,60.27972027972028,55.09585126791367,2.0
PradeepSangwan,267.0,38.142857142857146,7,26,3.7142857142857135,20,2.8571428571428568,187,26.714285714285715,1,0.14285714285714285,0,0.0,3,0.42857142857142855,0,0.0,BWL,Indian,2.470422535211268,7.978320986139552,0.3
PragyanOjha,906.5,129.5,7,80,11.428571428571427,85,12.142857142857142,574,82.0,0,0.0,0,0.0,14,2.0,0,0.0,BWL,Indian,28.19607843137255,44.079535571925724,1.0
PraveenKumar,1538.0,153.8,10,119,11.9,90,9.0,1076,107.6,23,2.3,17,1.7,12,1.2,0,0.0,BWL,Indian,70.41050903119869,53.3186217199163,2.0
PravinTambe,314.5,78.625,4,33,8.25,28,7.0,204,51.0,1,0.25,0,0.0,4,1.0,0,0.0,BWL,Indian,15.520927585716318,23.44217199076354,0.75
QuintondeKock,674.0,112.33333333333331,6,50,8.333333333333334,0,0.0,0,0.0,155,25.83333333333333,54,9.0,31,5.166666666666667,8,1.3333333333333333,WK,Overseas,21.538784696174044,37.19346528711052,1.0
RPSingh,1120.5,160.07142857142858,7,82,11.714285714285715,90,12.857142857142858,747,106.71428571428572,2,0.2857142857142857,1,0.14285714285714285,20,2.8571428571428568,0,0.0,BWL,Indian,60.270270270270274,60.42788045833159,2.0
RahulDravid,815.5,135.91666666666666,6,89,14.833333333333336,0,0.0,0,0.0,269,44.83333333333334,28,4.666666666666667,18,3.0,0,0.0,BAT,Indian,35.18971631205673,40.49789485534166,1.0
RahulSharma,524.5,104.9,5,44,8.8,40,8.0,334,66.8,5,1.0,3,0.6,11,2.2,0,0.0,BWL,Indian,28.135135135135137,29.63583603211054,1.0
RahulTewatia,217.0,43.4,5,20,4.0,14,2.8,110,22.0,11,2.2,3,0.6,8,1.6,0,0.0,AR,Indian,2.5063829787234044,3.7796536914771,0.3
RahulTripathi,309.5,103.16666666666669,3,34,11.333333333333336,0,0.0,0,0.0,74,24.66666666666667,27,9.0,12,4.0,0,0.0,BAT,Indian,20.933333333333334,35.69005225278517,1.0
RajagopalSathish,131.5,32.875,4,34,8.5,3,0.75,30,7.5,22,5.5,6,1.5,6,1.5,0,0.0,AR,Indian,3.293773760243305,3.685483371349723,0.3
RajatBhatia,764.0,84.8888888888889,9,87,9.666666666666666,61,6.777777777777778,395,43.88888888888889,23,2.555555555555556,13,1.4444444444444444,21,2.333333333333333,0,0.0,AR,Indian,5.75873015873016,13.21822303410893,0.3
RameshPowar,242.5,48.5,5,27,5.4,13,2.6,166,33.2,6,1.2,1,0.2,5,1.0,0,0.0,BWL,Indian,8.908695652173913,7.546900541739421,0.4
RashidKhan,728.0,242.66666666666663,3,46,15.333333333333336,55,18.33333333333333,454,151.33333333333334,5,1.6666666666666667,9,3.0,15,5.0,0,0.0,BWL,Overseas,81.66666666666667,81.41414141414141,2.0
RaviBopara,270.5,90.16666666666669,3,24,8.0,11,3.6666666666666665,61,20.33333333333333,39,13.0,16,5.333333333333333,7,2.333333333333333,0,0.0,BAT,Overseas,14.921951219512195,16.696198751734435,0.5
RavichandranAshwin,1701.5,170.15,10,139,13.9,125,12.5,1069,106.9,32,3.2,10,1.0,32,3.2,0,0.0,BWL,Indian,80.31754032258064,62.679084672867134,2.0
RavindraJadeja,1924.5,174.95454545454547,11,170,15.454545454545455,108,9.818181818181818,824,74.9090909090909,135,12.272727272727273,65,5.909090909090909,63,5.727272727272728,0,0.0,AR,Indian,54.3448275862069,45.642430320567044,1.5
RishabhPant,819.0,204.75,4,54,13.5,0,0.0,0,0.0,152,38.0,94,23.5,33,8.25,11,2.75,WK,Indian,75.96428571428572,62.54972276581866,2.0
RishiDhawan,275.5,68.875,4,26,6.5,18,4.5,151,37.75,13,3.25,4,1.0,6,1.5,0,0.0,AR,Indian,3.2966206123973114,11.696120345568735,0.3
RobinUthappa,1923.5,160.29166666666666,12,177,14.75,0,0.0,0,0.0,435,36.25,156,13.0,84,7.0,32,2.6666666666666665,WK,Indian,50.28219395866455,52.50264518889682,1.5
RohitSharma,2106.5,175.54166666666663,12,188,15.666666666666664,15,1.25,90,7.5,431,35.916666666666664,194,16.166666666666668,83,6.916666666666668,0,0.0,BAT,Indian,75.63973063973063,66.91304603491228,2.0
RossTaylor,371.0,53.0,7,55,7.857142857142858,0,0.0,0,0.0,66,9.428571428571429,46,6.571428571428571,18,2.571428571428572,0,0.0,BAT,Overseas,14.89009009009009,13.367186080078993,0.5
RyantenDoeschate,166.5,33.3,5,29,5.8,2,0.4,22,4.4,26,5.2,15,3.0,8,1.6,0,0.0,BAT,Overseas,5.686206896551725,5.683593333095409,0.3
SAAsnodkar,192.5,48.125,4,20,5.0,0,0.0,0,0.0,56,14.0,10,2.5,7,1.75,0,0.0,BAT,Overseas,5.6861198950413785,14.521938426440501,0.4
SachinBaby,69.5,23.16666666666667,3,18,6.0,2,0.6666666666666666,5,1.6666666666666667,11,3.6666666666666665,5,1.6666666666666667,5,1.6666666666666667,0,0.0,BAT,Indian,2.470422535211268,4.612086007200648,0.3
SachinTendulkar,900.5,150.08333333333334,6,78,13.0,0,0.0,4,0.6666666666666666,295,49.16666666666666,29,4.833333333333333,23,3.8333333333333335,0,0.0,BAT,Indian,41.25764895330113,42.705295538187606,1.0
SamBillings,145.0,36.25,4,22,5.5,0,0.0,0,0.0,31,7.75,10,2.5,13,3.25,0,0.0,BAT,Overseas,7.291754650578181,7.189098915000244,0.3
SamuelBadree,152.5,50.83333333333334,3,12,4.0,11,3.6666666666666665,109,36.333333333333336,0,0.0,0,0.0,2,0.6666666666666666,0,0.0,BWL,Overseas,5.701010101010102,12.100705804174295,0.3
SanathJayasuriya,488.5,162.83333333333334,3,30,10.0,13,4.333333333333333,84,28.0,85,28.33333333333333,39,13.0,4,1.3333333333333333,0,0.0,BAT,Overseas,40.32258064516129,42.60534619636217,1.0
SandeepSharma,1097.0,156.71428571428572,7,79,11.285714285714285,95,13.571428571428573,732,104.57142857142857,2,0.2857142857142857,0,0.0,11,1.5714285714285714,0,0.0,BWL,Indian,60.38461538461539,59.358334528796505,2.0
SanjuSamson,854.0,122.0,7,93,13.285714285714285,0,0.0,0,0.0,170,24.285714285714285,89,12.714285714285715,43,6.142857142857142,4,0.5714285714285714,WK,Indian,38.175438596491226,39.16996264518996,1.0
SarfarazKhan,156.0,39.0,4,33,8.25,0,0.0,0,0.0,45,11.25,11,2.75,2,0.5,0,0.0,BAT,Indian,7.2909165706763215,8.794685720800757,0.3
SaurabhTiwary,447.5,49.72222222222222,9,81,9.0,0,0.0,0,0.0,93,10.333333333333334,45,5.0,23,2.555555555555556,0,0.0,BAT,Indian,8.906382978723405,12.019299542245628,0.4
ScottStyris,151.5,50.5,3,12,4.0,8,2.6666666666666665,83,27.66666666666667,10,3.333333333333333,3,1.0,2,0.6666666666666666,0,0.0,AR,Overseas,4.1098901098901095,8.049726518692038,0.3
ShadabJakati,562.5,80.35714285714286,7,59,8.428571428571429,47,6.7142857142857135,338,48.28571428571429,3,0.42857142857142855,0,0.0,21,3.0,0,0.0,BWL,Indian,28.151515151515152,22.212360424455333,1.0
ShahbazNadeem,600.5,66.72222222222223,9,64,7.111111111111112,42,4.666666666666667,416,46.22222222222222,1,0.1111111111111111,0,0.0,14,1.5555555555555556,0,0.0,BWL,Indian,8.892592592592594,16.73826679273639,0.4
ShakibAlHasan,936.0,117.0,8,63,7.875,59,7.375,457,57.125,70,8.75,20,2.5,11,1.375,0,0.0,AR,Overseas,19.07142857142857,27.623063467811367,0.75
ShaneWarne,724.5,181.125,4,55,13.75,57,14.25,429,107.25,14,3.5,6,1.5,16,4.0,0,0.0,BWL,Overseas,70.48872180451127,67.99764420431943,2.0
ShaneWatson,2698.0,245.27272727272728,11,134,12.181818181818182,92,8.363636363636363,804,73.0909090909091,343,31.181818181818183,177,16.09090909090909,38,3.4545454545454546,0,0.0,AR,Overseas,68.0,61.9699327369808,2.0
ShanthakumaranSreesanth,562.5,112.5,5,44,8.8,40,8.0,400,80.0,6,1.2,0,0.0,3,0.6,0,0.0,BWL,Indian,14.98867924528302,30.33022509174163,1.0
ShardulThakur,442.5,110.625,4,36,9.0,36,9.0,268,67.0,5,1.25,1,0.25,13,3.25,0,0.0,BWL,Indian,34.19055944055944,37.80771358271358,1.0
ShaunMarsh,1003.0,111.44444444444444,9,71,7.888888888888888,0,0.0,0,0.0,266,29.555555555555557,78,8.666666666666666,26,2.888888888888889,0,0.0,BAT,Overseas,32.142857142857146,34.71309359841191,1.0
ShaunTait,306.5,76.625,4,21,5.25,23,5.75,200,50.0,1,0.25,1,0.25,8,2.0,0,0.0,BWL,Overseas,11.912586970271981,14.421320439313886,0.5
ShikharDhawan,1862.0,143.23076923076925,13,164,12.615384615384615,4,0.3076923076923077,17,1.3076923076923077,527,40.53846153846154,96,7.384615384615384,71,5.461538461538462,0,0.0,BAT,Indian,50.22727272727273,46.18283664956221,1.5
ShreevatsGoswami,148.0,24.66666666666667,6,29,4.833333333333333,0,0.0,0,0.0,32,5.333333333333333,3,0.5,16,2.6666666666666665,7,1.1666666666666667,WK,Indian,2.4796863141917536,3.0118325796811143,0.3
ShreyasGopal,405.0,81.0,5,31,6.2,38,7.6,211,42.2,14,2.8,1,0.2,9,1.8,0,0.0,BWL,Indian,8.908695652173913,24.541921672363845,0.5
ShreyasIyer,662.0,132.4,5,62,12.4,0,0.0,0,0.0,149,29.8,67,13.4,22,4.4,0,0.0,BAT,Indian,50.23809523809524,48.70539682539682,1.5
SiddarthKaul,509.0,101.8,5,45,9.0,49,9.8,320,64.0,0,0.0,0,0.0,7,1.4,0,0.0,BWL,Indian,8.92987012987013,28.434179154179155,0.75
SiddharthChitnis,54.0,13.5,4,11,2.75,2,0.5,10,2.5,10,2.5,2,0.5,2,0.5,0,0.0,BAT,Indian,2.4782486907806605,3.2694751462890768,0.3
SiddharthTrivedi,775.0,129.16666666666666,6,76,12.666666666666664,65,10.833333333333336,494,82.33333333333333,3,0.5,1,0.16666666666666666,17,2.833333333333333,0,0.0,BWL,Indian,44.22704081632653,41.02079187741318,1.0
SouravGanguly,654.5,130.9,5,59,11.8,10,2.0,75,15.0,137,27.4,42,8.4,22,4.4,0,0.0,BAT,Indian,32.15625,41.0535426521602,1.0
SreenathArvind,485.0,97.0,5,38,7.6,45,9.0,290,58.0,7,1.4,0,0.0,8,1.6,0,0.0,BWL,Indian,14.925,28.19015688466908,0.75
SrikkanthAnirudha,55.0,11.0,5,16,3.2,0,0.0,0,0.0,7,1.4,5,1.0,8,1.6,0,0.0,BAT,Indian,2.463694267515924,3.1061419325927795,0.3
SteveSmith,726.5,103.78571428571428,7,81,11.571428571428573,0,0.0,0,0.0,180,25.714285714285715,49,7.0,42,6.0,0,0.0,BAT,Overseas,32.140845070422536,30.115002581372412,1.0
StuartBinny,611.0,61.1,10,95,9.5,22,2.2,199,19.9,66,6.6,35,3.5,19,1.9,0,0.0,AR,Indian,5.70668482578595,10.478143557192132,0.3
SubramaniamBadrinath,523.0,87.16666666666669,6,95,15.833333333333336,0,0.0,0,0.0,154,25.66666666666667,28,4.666666666666667,16,2.6666666666666665,0,0.0,BAT,Indian,21.56025641025641,21.81467310002267,0.75
SunilNarine,1907.0,238.375,8,110,13.75,122,15.25,1051,131.375,93,11.625,44,5.5,17,2.125,0,0.0,AR,Overseas,62.37744360902256,58.911950257345,2.0
SunnySohal,153.0,51.0,3,21,7.0,0,0.0,0,0.0,34,11.333333333333336,18,6.0,2,0.6666666666666666,0,0.0,BAT,Indian,14.926582278481014,15.173553741949812,0.5
SureshRaina,2532.5,211.04166666666663,12,193,16.083333333333332,25,2.083333333333333,281,23.41666666666667,493,41.083333333333336,194,16.166666666666668,101,8.416666666666666,0,0.0,BAT,Indian,80.51315789473685,75.4467907893728,2.0
SuryakumarYadav,674.0,96.28571428571428,7,85,12.142857142857142,0,0.0,2,0.2857142857142857,161,23.0,47,6.7142857142857135,42,6.0,0,0.0,WK,Indian,14.920481927710844,25.889585749699503,0.75
ThisaraPerera,514.0,85.66666666666667,6,37,6.166666666666668,31,5.166666666666667,227,37.833333333333336,23,3.8333333333333335,26,4.333333333333333,12,2.0,0,0.0,AR,Overseas,3.282644628099174,19.83802541645783,0.5
TillakaratneDilshan,392.0,78.4,5,38,7.6,5,1.0,46,9.2,98,19.6,11,2.2,18,3.6,0,0.0,BAT,Overseas,8.91904761904762,16.282168631282197,0.4
TimSouthee,506.5,72.35714285714286,7,40,5.7142857142857135,28,4.0,332,47.42857142857143,8,1.1428571428571428,4,0.5714285714285714,17,2.4285714285714284,0,0.0,BWL,Overseas,8.897087378640778,16.761003202728876,0.4
TirumalasettiSuman,317.5,63.5,5,43,8.6,6,1.2,43,8.6,55,11.0,26,5.2,10,2.0,0,0.0,BAT,Indian,5.683333333333334,14.06183412330075,0.4
TrentBoult,468.5,93.7,5,33,6.6,38,7.6,297,59.4,0,0.0,1,0.2,14,2.8,0,0.0,BWL,Overseas,8.920481927710844,25.77426832893975,0.75
UmeshYadav,1481.0,148.1,10,119,11.9,119,11.9,948,94.8,11,1.1,4,0.4,30,3.0,0,0.0,BWL,Indian,50.250626566416045,50.25120499958295,1.5
UnmuktChand,131.5,21.91666666666667,6,21,3.5,0,0.0,0,0.0,32,5.333333333333333,9,1.5,8,1.3333333333333333,0,0.0,BAT,Indian,4.0668903803131995,4.609607406840801,0.3
VVSLaxman,110.0,27.5,4,20,5.0,0,0.0,0,0.0,33,8.25,5,1.25,4,1.0,0,0.0,BAT,Indian,4.079052618422697,5.582922403562857,0.3
VarunAaron,531.5,75.92857142857143,7,47,6.7142857142857135,42,6.0,365,52.14285714285714,2,0.2857142857142857,2,0.2857142857142857,3,0.42857142857142855,0,0.0,BWL,Indian,8.90989010989011,18.075844573858024,0.5
VijayShankar,241.5,60.375,4,33,8.25,2,0.5,23,5.75,34,8.5,24,6.0,17,4.25,0,0.0,AR,Indian,10.020400432900434,9.616041239940149,0.5
VinayKumar,1309.5,119.04545454545456,11,105,9.545454545454543,105,9.545454545454543,763,69.36363636363636,21,1.9090909090909087,9,0.8181818181818182,38,3.4545454545454546,0,0.0,BWL,Indian,28.256410256410255,36.30048053098711,1.0
ViratKohli,2119.5,176.625,12,177,14.75,4,0.3333333333333333,52,4.333333333333333,480,40.0,191,15.916666666666664,74,6.166666666666668,0,0.0,BAT,Indian,55.23513513513514,55.12843416015019,2.0
VirenderSehwag,1263.0,180.42857142857144,7,93,13.285714285714285,6,0.8571428571428571,43,6.142857142857142,310,44.28571428571429,99,14.142857142857142,31,4.428571428571429,0,0.0,BAT,Indian,80.58823529411765,65.2997867668835,2.0
WashingtonSundar,231.0,77.0,3,21,7.0,16,5.333333333333333,131,43.66666666666666,5,1.6666666666666667,4,1.3333333333333333,7,2.333333333333333,0,0.0,AR,Indian,7.320481927710843,10.12595809928853,0.3
WayneParnell,358.0,89.5,4,26,6.5,26,6.5,241,60.25,4,1.0,1,0.25,5,1.25,0,0.0,BWL,Overseas,15.52966476913346,17.027220976367087,0.75
WriddhimanSaha,804.0,67.0,12,120,10.0,0,0.0,0,0.0,160,13.333333333333336,59,4.916666666666667,60,5.0,19,1.5833333333333333,WK,Indian,5.704714912280703,16.768951113815543,0.4
YoMahesh,202.0,67.33333333333333,3,17,5.666666666666668,20,6.666666666666668,117,39.0,0,0.0,0,0.0,6,2.0,0,0.0,BWL,Indian,5.673529411764706,22.816848513598988,0.5
YusufPathan,1856.5,154.70833333333334,12,174,14.5,42,3.5,394,32.833333333333336,262,21.83333333333333,158,13.166666666666664,43,3.583333333333333,0,0.0,AR,Indian,36.01111111111111,37.75982089005337,1.0
YuvrajSingh,1535.0,139.54545454545453,11,132,12.0,36,3.272727272727273,260,23.63636363636364,217,19.727272727272727,149,13.545454545454545,34,3.0909090909090913,0,0.0,BAT,Indian,44.19230769230769,43.02317405060113,1.0
YuzvendraChahal,1047.5,149.64285714285714,7,84,12.0,100,14.285714285714285,650,92.85714285714286,0,0.0,0,0.0,19,2.7142857142857144,0,0.0,BWL,Indian,60.333333333333336,60.673389530856106,2.0
ZaheerKhan,1321.5,132.15,10,100,10.0,102,10.2,875,87.5,11,1.1,2,0.2,22,2.2,0,0.0,BWL,Indian,39.20564516129032,42.60887093291193,1.0
